"LOCATION","INDICATOR","SUBJECT","MEASURE","FREQUENCY","TIME","Value","Flag Codes"
"AUS","UNEMP","TOT","PC_LF","M","2000-01",6.767954,
"AUS","UNEMP","TOT","PC_LF","M","2000-02",6.619194,
"AUS","UNEMP","TOT","PC_LF","M","2000-03",6.565158,
"AUS","UNEMP","TOT","PC_LF","M","2000-04",6.376445,
"AUS","UNEMP","TOT","PC_LF","M","2000-05",6.41458,
"AUS","UNEMP","TOT","PC_LF","M","2000-06",6.115278,
"AUS","UNEMP","TOT","PC_LF","M","2000-07",5.954029,
"AUS","UNEMP","TOT","PC_LF","M","2000-08",6.051239,
"AUS","UNEMP","TOT","PC_LF","M","2000-09",5.963094,
"AUS","UNEMP","TOT","PC_LF","M","2000-10",6.00955,
"AUS","UNEMP","TOT","PC_LF","M","2000-11",6.261086,
"AUS","UNEMP","TOT","PC_LF","M","2000-12",6.243863,
"AUS","UNEMP","TOT","PC_LF","M","2001-01",6.140182,
"AUS","UNEMP","TOT","PC_LF","M","2001-02",6.501884,
"AUS","UNEMP","TOT","PC_LF","M","2001-03",6.458813,
"AUS","UNEMP","TOT","PC_LF","M","2001-04",6.78265,
"AUS","UNEMP","TOT","PC_LF","M","2001-05",6.893298,
"AUS","UNEMP","TOT","PC_LF","M","2001-06",6.933033,
"AUS","UNEMP","TOT","PC_LF","M","2001-07",6.879905,
"AUS","UNEMP","TOT","PC_LF","M","2001-08",6.880722,
"AUS","UNEMP","TOT","PC_LF","M","2001-09",6.841275,
"AUS","UNEMP","TOT","PC_LF","M","2001-10",7.193299,
"AUS","UNEMP","TOT","PC_LF","M","2001-11",6.883699,
"AUS","UNEMP","TOT","PC_LF","M","2001-12",6.861356,
"AUS","UNEMP","TOT","PC_LF","M","2002-01",6.913182,
"AUS","UNEMP","TOT","PC_LF","M","2002-02",6.536519,
"AUS","UNEMP","TOT","PC_LF","M","2002-03",6.430511,
"AUS","UNEMP","TOT","PC_LF","M","2002-04",6.346187,
"AUS","UNEMP","TOT","PC_LF","M","2002-05",6.372921,
"AUS","UNEMP","TOT","PC_LF","M","2002-06",6.495926,
"AUS","UNEMP","TOT","PC_LF","M","2002-07",6.179757,
"AUS","UNEMP","TOT","PC_LF","M","2002-08",6.34853,
"AUS","UNEMP","TOT","PC_LF","M","2002-09",6.311531,
"AUS","UNEMP","TOT","PC_LF","M","2002-10",6.128218,
"AUS","UNEMP","TOT","PC_LF","M","2002-11",6.161648,
"AUS","UNEMP","TOT","PC_LF","M","2002-12",6.182217,
"AUS","UNEMP","TOT","PC_LF","M","2003-01",6.081018,
"AUS","UNEMP","TOT","PC_LF","M","2003-02",5.955185,
"AUS","UNEMP","TOT","PC_LF","M","2003-03",6.131427,
"AUS","UNEMP","TOT","PC_LF","M","2003-04",6.03059,
"AUS","UNEMP","TOT","PC_LF","M","2003-05",6.069438,
"AUS","UNEMP","TOT","PC_LF","M","2003-06",6.054922,
"AUS","UNEMP","TOT","PC_LF","M","2003-07",6.128064,
"AUS","UNEMP","TOT","PC_LF","M","2003-08",5.817012,
"AUS","UNEMP","TOT","PC_LF","M","2003-09",5.774681,
"AUS","UNEMP","TOT","PC_LF","M","2003-10",5.783352,
"AUS","UNEMP","TOT","PC_LF","M","2003-11",5.660691,
"AUS","UNEMP","TOT","PC_LF","M","2003-12",5.681413,
"AUS","UNEMP","TOT","PC_LF","M","2004-01",5.530895,
"AUS","UNEMP","TOT","PC_LF","M","2004-02",5.643455,
"AUS","UNEMP","TOT","PC_LF","M","2004-03",5.437821,
"AUS","UNEMP","TOT","PC_LF","M","2004-04",5.508327,
"AUS","UNEMP","TOT","PC_LF","M","2004-05",5.337062,
"AUS","UNEMP","TOT","PC_LF","M","2004-06",5.463581,
"AUS","UNEMP","TOT","PC_LF","M","2004-07",5.550521,
"AUS","UNEMP","TOT","PC_LF","M","2004-08",5.515829,
"AUS","UNEMP","TOT","PC_LF","M","2004-09",5.369716,
"AUS","UNEMP","TOT","PC_LF","M","2004-10",5.122717,
"AUS","UNEMP","TOT","PC_LF","M","2004-11",5.161602,
"AUS","UNEMP","TOT","PC_LF","M","2004-12",5.068769,
"AUS","UNEMP","TOT","PC_LF","M","2005-01",5.073841,
"AUS","UNEMP","TOT","PC_LF","M","2005-02",5.085026,
"AUS","UNEMP","TOT","PC_LF","M","2005-03",5.163297,
"AUS","UNEMP","TOT","PC_LF","M","2005-04",5.123256,
"AUS","UNEMP","TOT","PC_LF","M","2005-05",5.100095,
"AUS","UNEMP","TOT","PC_LF","M","2005-06",4.950307,
"AUS","UNEMP","TOT","PC_LF","M","2005-07",4.971847,
"AUS","UNEMP","TOT","PC_LF","M","2005-08",4.900032,
"AUS","UNEMP","TOT","PC_LF","M","2005-09",5.001179,
"AUS","UNEMP","TOT","PC_LF","M","2005-10",5.015485,
"AUS","UNEMP","TOT","PC_LF","M","2005-11",4.937028,
"AUS","UNEMP","TOT","PC_LF","M","2005-12",5.070293,
"AUS","UNEMP","TOT","PC_LF","M","2006-01",5.162951,
"AUS","UNEMP","TOT","PC_LF","M","2006-02",5.105319,
"AUS","UNEMP","TOT","PC_LF","M","2006-03",4.867586,
"AUS","UNEMP","TOT","PC_LF","M","2006-04",4.96736,
"AUS","UNEMP","TOT","PC_LF","M","2006-05",4.79884,
"AUS","UNEMP","TOT","PC_LF","M","2006-06",4.808551,
"AUS","UNEMP","TOT","PC_LF","M","2006-07",4.65616,
"AUS","UNEMP","TOT","PC_LF","M","2006-08",4.71051,
"AUS","UNEMP","TOT","PC_LF","M","2006-09",4.664642,
"AUS","UNEMP","TOT","PC_LF","M","2006-10",4.4629,
"AUS","UNEMP","TOT","PC_LF","M","2006-11",4.51519,
"AUS","UNEMP","TOT","PC_LF","M","2006-12",4.56851,
"AUS","UNEMP","TOT","PC_LF","M","2007-01",4.55459,
"AUS","UNEMP","TOT","PC_LF","M","2007-02",4.636988,
"AUS","UNEMP","TOT","PC_LF","M","2007-03",4.460265,
"AUS","UNEMP","TOT","PC_LF","M","2007-04",4.387525,
"AUS","UNEMP","TOT","PC_LF","M","2007-05",4.26529,
"AUS","UNEMP","TOT","PC_LF","M","2007-06",4.324759,
"AUS","UNEMP","TOT","PC_LF","M","2007-07",4.252558,
"AUS","UNEMP","TOT","PC_LF","M","2007-08",4.295622,
"AUS","UNEMP","TOT","PC_LF","M","2007-09",4.212018,
"AUS","UNEMP","TOT","PC_LF","M","2007-10",4.326112,
"AUS","UNEMP","TOT","PC_LF","M","2007-11",4.426937,
"AUS","UNEMP","TOT","PC_LF","M","2007-12",4.309084,
"AUS","UNEMP","TOT","PC_LF","M","2008-01",4.220418,
"AUS","UNEMP","TOT","PC_LF","M","2008-02",3.982424,
"AUS","UNEMP","TOT","PC_LF","M","2008-03",4.057871,
"AUS","UNEMP","TOT","PC_LF","M","2008-04",4.267306,
"AUS","UNEMP","TOT","PC_LF","M","2008-05",4.266975,
"AUS","UNEMP","TOT","PC_LF","M","2008-06",4.244676,
"AUS","UNEMP","TOT","PC_LF","M","2008-07",4.249589,
"AUS","UNEMP","TOT","PC_LF","M","2008-08",4.010741,
"AUS","UNEMP","TOT","PC_LF","M","2008-09",4.287819,
"AUS","UNEMP","TOT","PC_LF","M","2008-10",4.290101,
"AUS","UNEMP","TOT","PC_LF","M","2008-11",4.463028,
"AUS","UNEMP","TOT","PC_LF","M","2008-12",4.570881,
"AUS","UNEMP","TOT","PC_LF","M","2009-01",4.907421,
"AUS","UNEMP","TOT","PC_LF","M","2009-02",5.308729,
"AUS","UNEMP","TOT","PC_LF","M","2009-03",5.712457,
"AUS","UNEMP","TOT","PC_LF","M","2009-04",5.515757,
"AUS","UNEMP","TOT","PC_LF","M","2009-05",5.812876,
"AUS","UNEMP","TOT","PC_LF","M","2009-06",5.862734,
"AUS","UNEMP","TOT","PC_LF","M","2009-07",5.671277,
"AUS","UNEMP","TOT","PC_LF","M","2009-08",5.704463,
"AUS","UNEMP","TOT","PC_LF","M","2009-09",5.660052,
"AUS","UNEMP","TOT","PC_LF","M","2009-10",5.623653,
"AUS","UNEMP","TOT","PC_LF","M","2009-11",5.558557,
"AUS","UNEMP","TOT","PC_LF","M","2009-12",5.491784,
"AUS","UNEMP","TOT","PC_LF","M","2010-01",5.265646,
"AUS","UNEMP","TOT","PC_LF","M","2010-02",5.308402,
"AUS","UNEMP","TOT","PC_LF","M","2010-03",5.423213,
"AUS","UNEMP","TOT","PC_LF","M","2010-04",5.500487,
"AUS","UNEMP","TOT","PC_LF","M","2010-05",5.230227,
"AUS","UNEMP","TOT","PC_LF","M","2010-06",5.145548,
"AUS","UNEMP","TOT","PC_LF","M","2010-07",5.28597,
"AUS","UNEMP","TOT","PC_LF","M","2010-08",5.020508,
"AUS","UNEMP","TOT","PC_LF","M","2010-09",5.053202,
"AUS","UNEMP","TOT","PC_LF","M","2010-10",5.285798,
"AUS","UNEMP","TOT","PC_LF","M","2010-11",5.108509,
"AUS","UNEMP","TOT","PC_LF","M","2010-12",4.877153,
"AUS","UNEMP","TOT","PC_LF","M","2011-01",5.00291,
"AUS","UNEMP","TOT","PC_LF","M","2011-02",4.987014,
"AUS","UNEMP","TOT","PC_LF","M","2011-03",4.925723,
"AUS","UNEMP","TOT","PC_LF","M","2011-04",4.960531,
"AUS","UNEMP","TOT","PC_LF","M","2011-05",5.014144,
"AUS","UNEMP","TOT","PC_LF","M","2011-06",4.917436,
"AUS","UNEMP","TOT","PC_LF","M","2011-07",5.088647,
"AUS","UNEMP","TOT","PC_LF","M","2011-08",5.254932,
"AUS","UNEMP","TOT","PC_LF","M","2011-09",5.220937,
"AUS","UNEMP","TOT","PC_LF","M","2011-10",5.189254,
"AUS","UNEMP","TOT","PC_LF","M","2011-11",5.229581,
"AUS","UNEMP","TOT","PC_LF","M","2011-12",5.196911,
"AUS","UNEMP","TOT","PC_LF","M","2012-01",5.04568,
"AUS","UNEMP","TOT","PC_LF","M","2012-02",5.215518,
"AUS","UNEMP","TOT","PC_LF","M","2012-03",5.180774,
"AUS","UNEMP","TOT","PC_LF","M","2012-04",4.994627,
"AUS","UNEMP","TOT","PC_LF","M","2012-05",5.2016,
"AUS","UNEMP","TOT","PC_LF","M","2012-06",5.163859,
"AUS","UNEMP","TOT","PC_LF","M","2012-07",5.17565,
"AUS","UNEMP","TOT","PC_LF","M","2012-08",5.141911,
"AUS","UNEMP","TOT","PC_LF","M","2012-09",5.487518,
"AUS","UNEMP","TOT","PC_LF","M","2012-10",5.413401,
"AUS","UNEMP","TOT","PC_LF","M","2012-11",5.254923,
"AUS","UNEMP","TOT","PC_LF","M","2012-12",5.433113,
"AUS","UNEMP","TOT","PC_LF","M","2013-01",5.385775,
"AUS","UNEMP","TOT","PC_LF","M","2013-02",5.429071,
"AUS","UNEMP","TOT","PC_LF","M","2013-03",5.635326,
"AUS","UNEMP","TOT","PC_LF","M","2013-04",5.58765,
"AUS","UNEMP","TOT","PC_LF","M","2013-05",5.611278,
"AUS","UNEMP","TOT","PC_LF","M","2013-06",5.696844,
"AUS","UNEMP","TOT","PC_LF","M","2013-07",5.624772,
"AUS","UNEMP","TOT","PC_LF","M","2013-08",5.819843,
"AUS","UNEMP","TOT","PC_LF","M","2013-09",5.703469,
"AUS","UNEMP","TOT","PC_LF","M","2013-10",5.826667,
"AUS","UNEMP","TOT","PC_LF","M","2013-11",5.79594,
"AUS","UNEMP","TOT","PC_LF","M","2013-12",5.901495,
"AUS","UNEMP","TOT","PC_LF","M","2014-01",5.934184,
"AUS","UNEMP","TOT","PC_LF","M","2014-02",5.902262,
"AUS","UNEMP","TOT","PC_LF","M","2014-03",5.868748,
"AUS","UNEMP","TOT","PC_LF","M","2014-04",5.804337,
"AUS","UNEMP","TOT","PC_LF","M","2014-05",5.930426,
"AUS","UNEMP","TOT","PC_LF","M","2014-06",6.049263,
"AUS","UNEMP","TOT","PC_LF","M","2014-07",6.16759,
"AUS","UNEMP","TOT","PC_LF","M","2014-08",6.083214,
"AUS","UNEMP","TOT","PC_LF","M","2014-09",6.221949,
"AUS","UNEMP","TOT","PC_LF","M","2014-10",6.364821,
"AUS","UNEMP","TOT","PC_LF","M","2014-11",6.299154,
"AUS","UNEMP","TOT","PC_LF","M","2014-12",6.10679,
"AUS","UNEMP","TOT","PC_LF","M","2015-01",6.33836,
"AUS","UNEMP","TOT","PC_LF","M","2015-02",6.119044,
"AUS","UNEMP","TOT","PC_LF","M","2015-03",6.093677,
"AUS","UNEMP","TOT","PC_LF","M","2015-04",6.112174,
"AUS","UNEMP","TOT","PC_LF","M","2015-05",5.931108,
"AUS","UNEMP","TOT","PC_LF","M","2015-06",6.008567,
"AUS","UNEMP","TOT","PC_LF","M","2015-07",6.264954,
"AUS","UNEMP","TOT","PC_LF","M","2015-08",6.082073,
"AUS","UNEMP","TOT","PC_LF","M","2015-09",6.155605,
"AUS","UNEMP","TOT","PC_LF","M","2015-10",5.918715,
"AUS","UNEMP","TOT","PC_LF","M","2015-11",5.857026,
"AUS","UNEMP","TOT","PC_LF","M","2015-12",5.746018,
"AUS","UNEMP","TOT","PC_LF","M","2016-01",6.024417,
"AUS","UNEMP","TOT","PC_LF","M","2016-02",5.671946,
"AUS","UNEMP","TOT","PC_LF","M","2016-03",5.645719,
"AUS","UNEMP","TOT","PC_LF","M","2016-04",5.644528,
"AUS","UNEMP","TOT","PC_LF","M","2016-05",5.719502,
"AUS","UNEMP","TOT","PC_LF","M","2016-06",5.693605,
"AUS","UNEMP","TOT","PC_LF","M","2016-07",5.682055,
"AUS","UNEMP","TOT","PC_LF","M","2016-08",5.60361,
"AUS","UNEMP","TOT","PC_LF","M","2016-09",5.635887,
"AUS","UNEMP","TOT","PC_LF","M","2016-10",5.583037,
"AUS","UNEMP","TOT","PC_LF","M","2016-11",5.766451,
"AUS","UNEMP","TOT","PC_LF","M","2016-12",5.834194,
"AUS","UNEMP","TOT","PC_LF","M","2017-01",5.68576,
"AUS","UNEMP","TOT","PC_LF","M","2017-02",5.837279,
"AUS","UNEMP","TOT","PC_LF","M","2017-03",5.846475,
"AUS","UNEMP","TOT","PC_LF","M","2017-04",5.616535,
"AUS","UNEMP","TOT","PC_LF","M","2017-05",5.540761,
"AUS","UNEMP","TOT","PC_LF","M","2017-06",5.596911,
"AUS","UNEMP","TOT","PC_LF","M","2017-07",5.577133,
"AUS","UNEMP","TOT","PC_LF","M","2017-08",5.509094,
"AUS","UNEMP","TOT","PC_LF","M","2017-09",5.435569,
"AUS","UNEMP","TOT","PC_LF","M","2017-10",5.364695,
"AUS","UNEMP","TOT","PC_LF","M","2017-11",5.42456,
"AUS","UNEMP","TOT","PC_LF","M","2017-12",5.61135,
"AUS","UNEMP","TOT","PC_LF","M","2018-01",5.508025,
"AUS","UNEMP","TOT","PC_LF","M","2018-02",5.557419,
"AUS","UNEMP","TOT","PC_LF","M","2018-03",5.509803,
"AUS","UNEMP","TOT","PC_LF","M","2018-04",5.539109,
"AUS","UNEMP","TOT","PC_LF","M","2018-05",5.391617,
"AUS","UNEMP","TOT","PC_LF","M","2018-06",5.317854,
"AUS","UNEMP","TOT","PC_LF","M","2018-07",5.2706,
"AUS","UNEMP","TOT","PC_LF","M","2018-08",5.262721,
"AUS","UNEMP","TOT","PC_LF","M","2018-09",5.001509,
"AUS","UNEMP","TOT","PC_LF","M","2018-10",4.99948,
"AUS","UNEMP","TOT","PC_LF","M","2018-11",5.110775,
"AUS","UNEMP","TOT","PC_LF","M","2018-12",5.01015,
"AUS","UNEMP","TOT","PC_LF","M","2019-01",5.051192,
"AUS","UNEMP","TOT","PC_LF","M","2019-02",4.957836,
"AUS","UNEMP","TOT","PC_LF","M","2019-03",5.085307,
"AUS","UNEMP","TOT","PC_LF","M","2019-04",5.222102,
"AUS","UNEMP","TOT","PC_LF","M","2019-05",5.208134,
"AUS","UNEMP","TOT","PC_LF","M","2019-06",5.252778,
"AUS","UNEMP","TOT","PC_LF","M","2019-07",5.247816,
"AUS","UNEMP","TOT","PC_LF","M","2019-08",5.25695,
"AUS","UNEMP","TOT","PC_LF","M","2019-09",5.18702,
"AUS","UNEMP","TOT","PC_LF","M","2019-10",5.302068,
"AUS","UNEMP","TOT","PC_LF","M","2019-11",5.17134,
"AUS","UNEMP","TOT","PC_LF","M","2019-12",5.062629,
"AUS","UNEMP","TOT","PC_LF","M","2020-01",5.290038,
"AUS","UNEMP","TOT","PC_LF","M","2020-02",5.097311,
"CAN","UNEMP","TOT","PC_LF","M","2000-01",6.8,
"CAN","UNEMP","TOT","PC_LF","M","2000-02",6.9,
"CAN","UNEMP","TOT","PC_LF","M","2000-03",6.9,
"CAN","UNEMP","TOT","PC_LF","M","2000-04",6.7,
"CAN","UNEMP","TOT","PC_LF","M","2000-05",6.6,
"CAN","UNEMP","TOT","PC_LF","M","2000-06",6.7,
"CAN","UNEMP","TOT","PC_LF","M","2000-07",6.8,
"CAN","UNEMP","TOT","PC_LF","M","2000-08",7,
"CAN","UNEMP","TOT","PC_LF","M","2000-09",6.9,
"CAN","UNEMP","TOT","PC_LF","M","2000-10",7,
"CAN","UNEMP","TOT","PC_LF","M","2000-11",6.9,
"CAN","UNEMP","TOT","PC_LF","M","2000-12",6.8,
"CAN","UNEMP","TOT","PC_LF","M","2001-01",6.9,
"CAN","UNEMP","TOT","PC_LF","M","2001-02",7,
"CAN","UNEMP","TOT","PC_LF","M","2001-03",7.1,
"CAN","UNEMP","TOT","PC_LF","M","2001-04",7.1,
"CAN","UNEMP","TOT","PC_LF","M","2001-05",7,
"CAN","UNEMP","TOT","PC_LF","M","2001-06",7.2,
"CAN","UNEMP","TOT","PC_LF","M","2001-07",7.1,
"CAN","UNEMP","TOT","PC_LF","M","2001-08",7.2,
"CAN","UNEMP","TOT","PC_LF","M","2001-09",7.2,
"CAN","UNEMP","TOT","PC_LF","M","2001-10",7.3,
"CAN","UNEMP","TOT","PC_LF","M","2001-11",7.5,
"CAN","UNEMP","TOT","PC_LF","M","2001-12",8.1,
"CAN","UNEMP","TOT","PC_LF","M","2002-01",8,
"CAN","UNEMP","TOT","PC_LF","M","2002-02",7.9,
"CAN","UNEMP","TOT","PC_LF","M","2002-03",7.9,
"CAN","UNEMP","TOT","PC_LF","M","2002-04",7.7,
"CAN","UNEMP","TOT","PC_LF","M","2002-05",7.7,
"CAN","UNEMP","TOT","PC_LF","M","2002-06",7.7,
"CAN","UNEMP","TOT","PC_LF","M","2002-07",7.6,
"CAN","UNEMP","TOT","PC_LF","M","2002-08",7.4,
"CAN","UNEMP","TOT","PC_LF","M","2002-09",7.5,
"CAN","UNEMP","TOT","PC_LF","M","2002-10",7.5,
"CAN","UNEMP","TOT","PC_LF","M","2002-11",7.5,
"CAN","UNEMP","TOT","PC_LF","M","2002-12",7.6,
"CAN","UNEMP","TOT","PC_LF","M","2003-01",7.4,
"CAN","UNEMP","TOT","PC_LF","M","2003-02",7.4,
"CAN","UNEMP","TOT","PC_LF","M","2003-03",7.4,
"CAN","UNEMP","TOT","PC_LF","M","2003-04",7.6,
"CAN","UNEMP","TOT","PC_LF","M","2003-05",7.8,
"CAN","UNEMP","TOT","PC_LF","M","2003-06",7.6,
"CAN","UNEMP","TOT","PC_LF","M","2003-07",7.6,
"CAN","UNEMP","TOT","PC_LF","M","2003-08",7.8,
"CAN","UNEMP","TOT","PC_LF","M","2003-09",7.9,
"CAN","UNEMP","TOT","PC_LF","M","2003-10",7.6,
"CAN","UNEMP","TOT","PC_LF","M","2003-11",7.4,
"CAN","UNEMP","TOT","PC_LF","M","2003-12",7.4,
"CAN","UNEMP","TOT","PC_LF","M","2004-01",7.3,
"CAN","UNEMP","TOT","PC_LF","M","2004-02",7.4,
"CAN","UNEMP","TOT","PC_LF","M","2004-03",7.3,
"CAN","UNEMP","TOT","PC_LF","M","2004-04",7.2,
"CAN","UNEMP","TOT","PC_LF","M","2004-05",7.1,
"CAN","UNEMP","TOT","PC_LF","M","2004-06",7.2,
"CAN","UNEMP","TOT","PC_LF","M","2004-07",7,
"CAN","UNEMP","TOT","PC_LF","M","2004-08",7,
"CAN","UNEMP","TOT","PC_LF","M","2004-09",7,
"CAN","UNEMP","TOT","PC_LF","M","2004-10",7.1,
"CAN","UNEMP","TOT","PC_LF","M","2004-11",7.2,
"CAN","UNEMP","TOT","PC_LF","M","2004-12",7.1,
"CAN","UNEMP","TOT","PC_LF","M","2005-01",6.9,
"CAN","UNEMP","TOT","PC_LF","M","2005-02",7,
"CAN","UNEMP","TOT","PC_LF","M","2005-03",6.9,
"CAN","UNEMP","TOT","PC_LF","M","2005-04",6.8,
"CAN","UNEMP","TOT","PC_LF","M","2005-05",7,
"CAN","UNEMP","TOT","PC_LF","M","2005-06",6.8,
"CAN","UNEMP","TOT","PC_LF","M","2005-07",6.7,
"CAN","UNEMP","TOT","PC_LF","M","2005-08",6.7,
"CAN","UNEMP","TOT","PC_LF","M","2005-09",6.7,
"CAN","UNEMP","TOT","PC_LF","M","2005-10",6.7,
"CAN","UNEMP","TOT","PC_LF","M","2005-11",6.3,
"CAN","UNEMP","TOT","PC_LF","M","2005-12",6.6,
"CAN","UNEMP","TOT","PC_LF","M","2006-01",6.6,
"CAN","UNEMP","TOT","PC_LF","M","2006-02",6.4,
"CAN","UNEMP","TOT","PC_LF","M","2006-03",6.4,
"CAN","UNEMP","TOT","PC_LF","M","2006-04",6.3,
"CAN","UNEMP","TOT","PC_LF","M","2006-05",6.1,
"CAN","UNEMP","TOT","PC_LF","M","2006-06",6.1,
"CAN","UNEMP","TOT","PC_LF","M","2006-07",6.4,
"CAN","UNEMP","TOT","PC_LF","M","2006-08",6.4,
"CAN","UNEMP","TOT","PC_LF","M","2006-09",6.4,
"CAN","UNEMP","TOT","PC_LF","M","2006-10",6.1,
"CAN","UNEMP","TOT","PC_LF","M","2006-11",6.2,
"CAN","UNEMP","TOT","PC_LF","M","2006-12",6.1,
"CAN","UNEMP","TOT","PC_LF","M","2007-01",6.2,
"CAN","UNEMP","TOT","PC_LF","M","2007-02",6.2,
"CAN","UNEMP","TOT","PC_LF","M","2007-03",6.1,
"CAN","UNEMP","TOT","PC_LF","M","2007-04",6.2,
"CAN","UNEMP","TOT","PC_LF","M","2007-05",6,
"CAN","UNEMP","TOT","PC_LF","M","2007-06",6.1,
"CAN","UNEMP","TOT","PC_LF","M","2007-07",6,
"CAN","UNEMP","TOT","PC_LF","M","2007-08",5.9,
"CAN","UNEMP","TOT","PC_LF","M","2007-09",5.9,
"CAN","UNEMP","TOT","PC_LF","M","2007-10",5.8,
"CAN","UNEMP","TOT","PC_LF","M","2007-11",6,
"CAN","UNEMP","TOT","PC_LF","M","2007-12",6,
"CAN","UNEMP","TOT","PC_LF","M","2008-01",5.9,
"CAN","UNEMP","TOT","PC_LF","M","2008-02",5.9,
"CAN","UNEMP","TOT","PC_LF","M","2008-03",6.1,
"CAN","UNEMP","TOT","PC_LF","M","2008-04",6,
"CAN","UNEMP","TOT","PC_LF","M","2008-05",6,
"CAN","UNEMP","TOT","PC_LF","M","2008-06",6,
"CAN","UNEMP","TOT","PC_LF","M","2008-07",6.1,
"CAN","UNEMP","TOT","PC_LF","M","2008-08",6.1,
"CAN","UNEMP","TOT","PC_LF","M","2008-09",6.1,
"CAN","UNEMP","TOT","PC_LF","M","2008-10",6.2,
"CAN","UNEMP","TOT","PC_LF","M","2008-11",6.6,
"CAN","UNEMP","TOT","PC_LF","M","2008-12",6.9,
"CAN","UNEMP","TOT","PC_LF","M","2009-01",7.4,
"CAN","UNEMP","TOT","PC_LF","M","2009-02",8,
"CAN","UNEMP","TOT","PC_LF","M","2009-03",8.1,
"CAN","UNEMP","TOT","PC_LF","M","2009-04",8.3,
"CAN","UNEMP","TOT","PC_LF","M","2009-05",8.6,
"CAN","UNEMP","TOT","PC_LF","M","2009-06",8.7,
"CAN","UNEMP","TOT","PC_LF","M","2009-07",8.7,
"CAN","UNEMP","TOT","PC_LF","M","2009-08",8.7,
"CAN","UNEMP","TOT","PC_LF","M","2009-09",8.4,
"CAN","UNEMP","TOT","PC_LF","M","2009-10",8.4,
"CAN","UNEMP","TOT","PC_LF","M","2009-11",8.5,
"CAN","UNEMP","TOT","PC_LF","M","2009-12",8.5,
"CAN","UNEMP","TOT","PC_LF","M","2010-01",8.3,
"CAN","UNEMP","TOT","PC_LF","M","2010-02",8.2,
"CAN","UNEMP","TOT","PC_LF","M","2010-03",8.2,
"CAN","UNEMP","TOT","PC_LF","M","2010-04",8.1,
"CAN","UNEMP","TOT","PC_LF","M","2010-05",8,
"CAN","UNEMP","TOT","PC_LF","M","2010-06",7.9,
"CAN","UNEMP","TOT","PC_LF","M","2010-07",8.1,
"CAN","UNEMP","TOT","PC_LF","M","2010-08",8.1,
"CAN","UNEMP","TOT","PC_LF","M","2010-09",8.1,
"CAN","UNEMP","TOT","PC_LF","M","2010-10",7.8,
"CAN","UNEMP","TOT","PC_LF","M","2010-11",7.6,
"CAN","UNEMP","TOT","PC_LF","M","2010-12",7.6,
"CAN","UNEMP","TOT","PC_LF","M","2011-01",7.7,
"CAN","UNEMP","TOT","PC_LF","M","2011-02",7.7,
"CAN","UNEMP","TOT","PC_LF","M","2011-03",7.7,
"CAN","UNEMP","TOT","PC_LF","M","2011-04",7.6,
"CAN","UNEMP","TOT","PC_LF","M","2011-05",7.5,
"CAN","UNEMP","TOT","PC_LF","M","2011-06",7.5,
"CAN","UNEMP","TOT","PC_LF","M","2011-07",7.3,
"CAN","UNEMP","TOT","PC_LF","M","2011-08",7.3,
"CAN","UNEMP","TOT","PC_LF","M","2011-09",7.4,
"CAN","UNEMP","TOT","PC_LF","M","2011-10",7.4,
"CAN","UNEMP","TOT","PC_LF","M","2011-11",7.5,
"CAN","UNEMP","TOT","PC_LF","M","2011-12",7.4,
"CAN","UNEMP","TOT","PC_LF","M","2012-01",7.6,
"CAN","UNEMP","TOT","PC_LF","M","2012-02",7.5,
"CAN","UNEMP","TOT","PC_LF","M","2012-03",7.3,
"CAN","UNEMP","TOT","PC_LF","M","2012-04",7.3,
"CAN","UNEMP","TOT","PC_LF","M","2012-05",7.4,
"CAN","UNEMP","TOT","PC_LF","M","2012-06",7.2,
"CAN","UNEMP","TOT","PC_LF","M","2012-07",7.3,
"CAN","UNEMP","TOT","PC_LF","M","2012-08",7.2,
"CAN","UNEMP","TOT","PC_LF","M","2012-09",7.3,
"CAN","UNEMP","TOT","PC_LF","M","2012-10",7.4,
"CAN","UNEMP","TOT","PC_LF","M","2012-11",7.2,
"CAN","UNEMP","TOT","PC_LF","M","2012-12",7.2,
"CAN","UNEMP","TOT","PC_LF","M","2013-01",7.1,
"CAN","UNEMP","TOT","PC_LF","M","2013-02",7.1,
"CAN","UNEMP","TOT","PC_LF","M","2013-03",7.3,
"CAN","UNEMP","TOT","PC_LF","M","2013-04",7.1,
"CAN","UNEMP","TOT","PC_LF","M","2013-05",7,
"CAN","UNEMP","TOT","PC_LF","M","2013-06",7.1,
"CAN","UNEMP","TOT","PC_LF","M","2013-07",7.2,
"CAN","UNEMP","TOT","PC_LF","M","2013-08",7.1,
"CAN","UNEMP","TOT","PC_LF","M","2013-09",7,
"CAN","UNEMP","TOT","PC_LF","M","2013-10",7,
"CAN","UNEMP","TOT","PC_LF","M","2013-11",7,
"CAN","UNEMP","TOT","PC_LF","M","2013-12",7.2,
"CAN","UNEMP","TOT","PC_LF","M","2014-01",7,
"CAN","UNEMP","TOT","PC_LF","M","2014-02",7,
"CAN","UNEMP","TOT","PC_LF","M","2014-03",7,
"CAN","UNEMP","TOT","PC_LF","M","2014-04",7,
"CAN","UNEMP","TOT","PC_LF","M","2014-05",7,
"CAN","UNEMP","TOT","PC_LF","M","2014-06",7,
"CAN","UNEMP","TOT","PC_LF","M","2014-07",7.1,
"CAN","UNEMP","TOT","PC_LF","M","2014-08",7,
"CAN","UNEMP","TOT","PC_LF","M","2014-09",6.9,
"CAN","UNEMP","TOT","PC_LF","M","2014-10",6.7,
"CAN","UNEMP","TOT","PC_LF","M","2014-11",6.7,
"CAN","UNEMP","TOT","PC_LF","M","2014-12",6.7,
"CAN","UNEMP","TOT","PC_LF","M","2015-01",6.6,
"CAN","UNEMP","TOT","PC_LF","M","2015-02",6.8,
"CAN","UNEMP","TOT","PC_LF","M","2015-03",6.8,
"CAN","UNEMP","TOT","PC_LF","M","2015-04",6.8,
"CAN","UNEMP","TOT","PC_LF","M","2015-05",6.8,
"CAN","UNEMP","TOT","PC_LF","M","2015-06",6.9,
"CAN","UNEMP","TOT","PC_LF","M","2015-07",6.8,
"CAN","UNEMP","TOT","PC_LF","M","2015-08",7,
"CAN","UNEMP","TOT","PC_LF","M","2015-09",7.1,
"CAN","UNEMP","TOT","PC_LF","M","2015-10",7,
"CAN","UNEMP","TOT","PC_LF","M","2015-11",7.1,
"CAN","UNEMP","TOT","PC_LF","M","2015-12",7.1,
"CAN","UNEMP","TOT","PC_LF","M","2016-01",7.2,
"CAN","UNEMP","TOT","PC_LF","M","2016-02",7.3,
"CAN","UNEMP","TOT","PC_LF","M","2016-03",7.1,
"CAN","UNEMP","TOT","PC_LF","M","2016-04",7.1,
"CAN","UNEMP","TOT","PC_LF","M","2016-05",6.9,
"CAN","UNEMP","TOT","PC_LF","M","2016-06",6.8,
"CAN","UNEMP","TOT","PC_LF","M","2016-07",7,
"CAN","UNEMP","TOT","PC_LF","M","2016-08",6.9,
"CAN","UNEMP","TOT","PC_LF","M","2016-09",6.9,
"CAN","UNEMP","TOT","PC_LF","M","2016-10",6.9,
"CAN","UNEMP","TOT","PC_LF","M","2016-11",6.9,
"CAN","UNEMP","TOT","PC_LF","M","2016-12",6.9,
"CAN","UNEMP","TOT","PC_LF","M","2017-01",6.7,
"CAN","UNEMP","TOT","PC_LF","M","2017-02",6.6,
"CAN","UNEMP","TOT","PC_LF","M","2017-03",6.7,
"CAN","UNEMP","TOT","PC_LF","M","2017-04",6.5,
"CAN","UNEMP","TOT","PC_LF","M","2017-05",6.6,
"CAN","UNEMP","TOT","PC_LF","M","2017-06",6.4,
"CAN","UNEMP","TOT","PC_LF","M","2017-07",6.3,
"CAN","UNEMP","TOT","PC_LF","M","2017-08",6.1,
"CAN","UNEMP","TOT","PC_LF","M","2017-09",6.2,
"CAN","UNEMP","TOT","PC_LF","M","2017-10",6.2,
"CAN","UNEMP","TOT","PC_LF","M","2017-11",6,
"CAN","UNEMP","TOT","PC_LF","M","2017-12",5.8,
"CAN","UNEMP","TOT","PC_LF","M","2018-01",5.8,
"CAN","UNEMP","TOT","PC_LF","M","2018-02",5.8,
"CAN","UNEMP","TOT","PC_LF","M","2018-03",5.8,
"CAN","UNEMP","TOT","PC_LF","M","2018-04",5.9,
"CAN","UNEMP","TOT","PC_LF","M","2018-05",5.9,
"CAN","UNEMP","TOT","PC_LF","M","2018-06",6,
"CAN","UNEMP","TOT","PC_LF","M","2018-07",5.8,
"CAN","UNEMP","TOT","PC_LF","M","2018-08",6,
"CAN","UNEMP","TOT","PC_LF","M","2018-09",5.9,
"CAN","UNEMP","TOT","PC_LF","M","2018-10",5.8,
"CAN","UNEMP","TOT","PC_LF","M","2018-11",5.6,
"CAN","UNEMP","TOT","PC_LF","M","2018-12",5.7,
"CAN","UNEMP","TOT","PC_LF","M","2019-01",5.8,
"CAN","UNEMP","TOT","PC_LF","M","2019-02",5.8,
"CAN","UNEMP","TOT","PC_LF","M","2019-03",5.7,
"CAN","UNEMP","TOT","PC_LF","M","2019-04",5.7,
"CAN","UNEMP","TOT","PC_LF","M","2019-05",5.4,
"CAN","UNEMP","TOT","PC_LF","M","2019-06",5.6,
"CAN","UNEMP","TOT","PC_LF","M","2019-07",5.7,
"CAN","UNEMP","TOT","PC_LF","M","2019-08",5.7,
"CAN","UNEMP","TOT","PC_LF","M","2019-09",5.5,
"CAN","UNEMP","TOT","PC_LF","M","2019-10",5.6,
"CAN","UNEMP","TOT","PC_LF","M","2019-11",5.9,
"CAN","UNEMP","TOT","PC_LF","M","2019-12",5.6,
"CAN","UNEMP","TOT","PC_LF","M","2020-01",5.5,
"CAN","UNEMP","TOT","PC_LF","M","2020-02",5.6,
"CAN","UNEMP","TOT","PC_LF","M","2020-03",7.8,
"JPN","UNEMP","TOT","PC_LF","M","2000-01",4.7,
"JPN","UNEMP","TOT","PC_LF","M","2000-02",4.9,
"JPN","UNEMP","TOT","PC_LF","M","2000-03",4.9,
"JPN","UNEMP","TOT","PC_LF","M","2000-04",4.8,
"JPN","UNEMP","TOT","PC_LF","M","2000-05",4.6,
"JPN","UNEMP","TOT","PC_LF","M","2000-06",4.7,
"JPN","UNEMP","TOT","PC_LF","M","2000-07",4.7,
"JPN","UNEMP","TOT","PC_LF","M","2000-08",4.6,
"JPN","UNEMP","TOT","PC_LF","M","2000-09",4.7,
"JPN","UNEMP","TOT","PC_LF","M","2000-10",4.7,
"JPN","UNEMP","TOT","PC_LF","M","2000-11",4.7,
"JPN","UNEMP","TOT","PC_LF","M","2000-12",4.8,
"JPN","UNEMP","TOT","PC_LF","M","2001-01",4.8,
"JPN","UNEMP","TOT","PC_LF","M","2001-02",4.7,
"JPN","UNEMP","TOT","PC_LF","M","2001-03",4.8,
"JPN","UNEMP","TOT","PC_LF","M","2001-04",4.8,
"JPN","UNEMP","TOT","PC_LF","M","2001-05",4.9,
"JPN","UNEMP","TOT","PC_LF","M","2001-06",5,
"JPN","UNEMP","TOT","PC_LF","M","2001-07",5,
"JPN","UNEMP","TOT","PC_LF","M","2001-08",5.1,
"JPN","UNEMP","TOT","PC_LF","M","2001-09",5.3,
"JPN","UNEMP","TOT","PC_LF","M","2001-10",5.3,
"JPN","UNEMP","TOT","PC_LF","M","2001-11",5.4,
"JPN","UNEMP","TOT","PC_LF","M","2001-12",5.4,
"JPN","UNEMP","TOT","PC_LF","M","2002-01",5.2,
"JPN","UNEMP","TOT","PC_LF","M","2002-02",5.3,
"JPN","UNEMP","TOT","PC_LF","M","2002-03",5.3,
"JPN","UNEMP","TOT","PC_LF","M","2002-04",5.3,
"JPN","UNEMP","TOT","PC_LF","M","2002-05",5.4,
"JPN","UNEMP","TOT","PC_LF","M","2002-06",5.5,
"JPN","UNEMP","TOT","PC_LF","M","2002-07",5.4,
"JPN","UNEMP","TOT","PC_LF","M","2002-08",5.5,
"JPN","UNEMP","TOT","PC_LF","M","2002-09",5.4,
"JPN","UNEMP","TOT","PC_LF","M","2002-10",5.4,
"JPN","UNEMP","TOT","PC_LF","M","2002-11",5.2,
"JPN","UNEMP","TOT","PC_LF","M","2002-12",5.4,
"JPN","UNEMP","TOT","PC_LF","M","2003-01",5.4,
"JPN","UNEMP","TOT","PC_LF","M","2003-02",5.2,
"JPN","UNEMP","TOT","PC_LF","M","2003-03",5.4,
"JPN","UNEMP","TOT","PC_LF","M","2003-04",5.5,
"JPN","UNEMP","TOT","PC_LF","M","2003-05",5.4,
"JPN","UNEMP","TOT","PC_LF","M","2003-06",5.4,
"JPN","UNEMP","TOT","PC_LF","M","2003-07",5.2,
"JPN","UNEMP","TOT","PC_LF","M","2003-08",5.1,
"JPN","UNEMP","TOT","PC_LF","M","2003-09",5.2,
"JPN","UNEMP","TOT","PC_LF","M","2003-10",5.1,
"JPN","UNEMP","TOT","PC_LF","M","2003-11",5.1,
"JPN","UNEMP","TOT","PC_LF","M","2003-12",4.9,
"JPN","UNEMP","TOT","PC_LF","M","2004-01",4.9,
"JPN","UNEMP","TOT","PC_LF","M","2004-02",5,
"JPN","UNEMP","TOT","PC_LF","M","2004-03",4.8,
"JPN","UNEMP","TOT","PC_LF","M","2004-04",4.8,
"JPN","UNEMP","TOT","PC_LF","M","2004-05",4.7,
"JPN","UNEMP","TOT","PC_LF","M","2004-06",4.7,
"JPN","UNEMP","TOT","PC_LF","M","2004-07",4.9,
"JPN","UNEMP","TOT","PC_LF","M","2004-08",4.8,
"JPN","UNEMP","TOT","PC_LF","M","2004-09",4.6,
"JPN","UNEMP","TOT","PC_LF","M","2004-10",4.6,
"JPN","UNEMP","TOT","PC_LF","M","2004-11",4.5,
"JPN","UNEMP","TOT","PC_LF","M","2004-12",4.5,
"JPN","UNEMP","TOT","PC_LF","M","2005-01",4.5,
"JPN","UNEMP","TOT","PC_LF","M","2005-02",4.6,
"JPN","UNEMP","TOT","PC_LF","M","2005-03",4.5,
"JPN","UNEMP","TOT","PC_LF","M","2005-04",4.5,
"JPN","UNEMP","TOT","PC_LF","M","2005-05",4.5,
"JPN","UNEMP","TOT","PC_LF","M","2005-06",4.3,
"JPN","UNEMP","TOT","PC_LF","M","2005-07",4.4,
"JPN","UNEMP","TOT","PC_LF","M","2005-08",4.3,
"JPN","UNEMP","TOT","PC_LF","M","2005-09",4.2,
"JPN","UNEMP","TOT","PC_LF","M","2005-10",4.4,
"JPN","UNEMP","TOT","PC_LF","M","2005-11",4.5,
"JPN","UNEMP","TOT","PC_LF","M","2005-12",4.4,
"JPN","UNEMP","TOT","PC_LF","M","2006-01",4.4,
"JPN","UNEMP","TOT","PC_LF","M","2006-02",4.1,
"JPN","UNEMP","TOT","PC_LF","M","2006-03",4.1,
"JPN","UNEMP","TOT","PC_LF","M","2006-04",4.1,
"JPN","UNEMP","TOT","PC_LF","M","2006-05",4.1,
"JPN","UNEMP","TOT","PC_LF","M","2006-06",4.2,
"JPN","UNEMP","TOT","PC_LF","M","2006-07",4.1,
"JPN","UNEMP","TOT","PC_LF","M","2006-08",4.1,
"JPN","UNEMP","TOT","PC_LF","M","2006-09",4.1,
"JPN","UNEMP","TOT","PC_LF","M","2006-10",4.1,
"JPN","UNEMP","TOT","PC_LF","M","2006-11",4,
"JPN","UNEMP","TOT","PC_LF","M","2006-12",4,
"JPN","UNEMP","TOT","PC_LF","M","2007-01",4,
"JPN","UNEMP","TOT","PC_LF","M","2007-02",4,
"JPN","UNEMP","TOT","PC_LF","M","2007-03",4,
"JPN","UNEMP","TOT","PC_LF","M","2007-04",3.8,
"JPN","UNEMP","TOT","PC_LF","M","2007-05",3.8,
"JPN","UNEMP","TOT","PC_LF","M","2007-06",3.7,
"JPN","UNEMP","TOT","PC_LF","M","2007-07",3.6,
"JPN","UNEMP","TOT","PC_LF","M","2007-08",3.7,
"JPN","UNEMP","TOT","PC_LF","M","2007-09",3.9,
"JPN","UNEMP","TOT","PC_LF","M","2007-10",4,
"JPN","UNEMP","TOT","PC_LF","M","2007-11",3.8,
"JPN","UNEMP","TOT","PC_LF","M","2007-12",3.7,
"JPN","UNEMP","TOT","PC_LF","M","2008-01",3.9,
"JPN","UNEMP","TOT","PC_LF","M","2008-02",4,
"JPN","UNEMP","TOT","PC_LF","M","2008-03",3.8,
"JPN","UNEMP","TOT","PC_LF","M","2008-04",3.9,
"JPN","UNEMP","TOT","PC_LF","M","2008-05",4,
"JPN","UNEMP","TOT","PC_LF","M","2008-06",4,
"JPN","UNEMP","TOT","PC_LF","M","2008-07",3.9,
"JPN","UNEMP","TOT","PC_LF","M","2008-08",4.1,
"JPN","UNEMP","TOT","PC_LF","M","2008-09",4,
"JPN","UNEMP","TOT","PC_LF","M","2008-10",3.8,
"JPN","UNEMP","TOT","PC_LF","M","2008-11",4,
"JPN","UNEMP","TOT","PC_LF","M","2008-12",4.4,
"JPN","UNEMP","TOT","PC_LF","M","2009-01",4.3,
"JPN","UNEMP","TOT","PC_LF","M","2009-02",4.6,
"JPN","UNEMP","TOT","PC_LF","M","2009-03",4.8,
"JPN","UNEMP","TOT","PC_LF","M","2009-04",5,
"JPN","UNEMP","TOT","PC_LF","M","2009-05",5.1,
"JPN","UNEMP","TOT","PC_LF","M","2009-06",5.2,
"JPN","UNEMP","TOT","PC_LF","M","2009-07",5.5,
"JPN","UNEMP","TOT","PC_LF","M","2009-08",5.4,
"JPN","UNEMP","TOT","PC_LF","M","2009-09",5.4,
"JPN","UNEMP","TOT","PC_LF","M","2009-10",5.2,
"JPN","UNEMP","TOT","PC_LF","M","2009-11",5.2,
"JPN","UNEMP","TOT","PC_LF","M","2009-12",5.2,
"JPN","UNEMP","TOT","PC_LF","M","2010-01",5,
"JPN","UNEMP","TOT","PC_LF","M","2010-02",5,
"JPN","UNEMP","TOT","PC_LF","M","2010-03",5.1,
"JPN","UNEMP","TOT","PC_LF","M","2010-04",5.1,
"JPN","UNEMP","TOT","PC_LF","M","2010-05",5.1,
"JPN","UNEMP","TOT","PC_LF","M","2010-06",5.2,
"JPN","UNEMP","TOT","PC_LF","M","2010-07",5,
"JPN","UNEMP","TOT","PC_LF","M","2010-08",5.1,
"JPN","UNEMP","TOT","PC_LF","M","2010-09",5.1,
"JPN","UNEMP","TOT","PC_LF","M","2010-10",5.1,
"JPN","UNEMP","TOT","PC_LF","M","2010-11",5,
"JPN","UNEMP","TOT","PC_LF","M","2010-12",4.9,
"JPN","UNEMP","TOT","PC_LF","M","2011-01",4.8,
"JPN","UNEMP","TOT","PC_LF","M","2011-02",4.7,
"JPN","UNEMP","TOT","PC_LF","M","2011-03",4.7,
"JPN","UNEMP","TOT","PC_LF","M","2011-04",4.7,
"JPN","UNEMP","TOT","PC_LF","M","2011-05",4.6,
"JPN","UNEMP","TOT","PC_LF","M","2011-06",4.7,
"JPN","UNEMP","TOT","PC_LF","M","2011-07",4.7,
"JPN","UNEMP","TOT","PC_LF","M","2011-08",4.5,
"JPN","UNEMP","TOT","PC_LF","M","2011-09",4.2,
"JPN","UNEMP","TOT","PC_LF","M","2011-10",4.4,
"JPN","UNEMP","TOT","PC_LF","M","2011-11",4.5,
"JPN","UNEMP","TOT","PC_LF","M","2011-12",4.5,
"JPN","UNEMP","TOT","PC_LF","M","2012-01",4.5,
"JPN","UNEMP","TOT","PC_LF","M","2012-02",4.5,
"JPN","UNEMP","TOT","PC_LF","M","2012-03",4.5,
"JPN","UNEMP","TOT","PC_LF","M","2012-04",4.5,
"JPN","UNEMP","TOT","PC_LF","M","2012-05",4.4,
"JPN","UNEMP","TOT","PC_LF","M","2012-06",4.3,
"JPN","UNEMP","TOT","PC_LF","M","2012-07",4.3,
"JPN","UNEMP","TOT","PC_LF","M","2012-08",4.2,
"JPN","UNEMP","TOT","PC_LF","M","2012-09",4.2,
"JPN","UNEMP","TOT","PC_LF","M","2012-10",4.1,
"JPN","UNEMP","TOT","PC_LF","M","2012-11",4.1,
"JPN","UNEMP","TOT","PC_LF","M","2012-12",4.3,
"JPN","UNEMP","TOT","PC_LF","M","2013-01",4.2,
"JPN","UNEMP","TOT","PC_LF","M","2013-02",4.3,
"JPN","UNEMP","TOT","PC_LF","M","2013-03",4.1,
"JPN","UNEMP","TOT","PC_LF","M","2013-04",4.1,
"JPN","UNEMP","TOT","PC_LF","M","2013-05",4.1,
"JPN","UNEMP","TOT","PC_LF","M","2013-06",3.9,
"JPN","UNEMP","TOT","PC_LF","M","2013-07",3.8,
"JPN","UNEMP","TOT","PC_LF","M","2013-08",4.1,
"JPN","UNEMP","TOT","PC_LF","M","2013-09",3.9,
"JPN","UNEMP","TOT","PC_LF","M","2013-10",4,
"JPN","UNEMP","TOT","PC_LF","M","2013-11",3.9,
"JPN","UNEMP","TOT","PC_LF","M","2013-12",3.7,
"JPN","UNEMP","TOT","PC_LF","M","2014-01",3.7,
"JPN","UNEMP","TOT","PC_LF","M","2014-02",3.6,
"JPN","UNEMP","TOT","PC_LF","M","2014-03",3.7,
"JPN","UNEMP","TOT","PC_LF","M","2014-04",3.6,
"JPN","UNEMP","TOT","PC_LF","M","2014-05",3.6,
"JPN","UNEMP","TOT","PC_LF","M","2014-06",3.7,
"JPN","UNEMP","TOT","PC_LF","M","2014-07",3.7,
"JPN","UNEMP","TOT","PC_LF","M","2014-08",3.5,
"JPN","UNEMP","TOT","PC_LF","M","2014-09",3.5,
"JPN","UNEMP","TOT","PC_LF","M","2014-10",3.6,
"JPN","UNEMP","TOT","PC_LF","M","2014-11",3.4,
"JPN","UNEMP","TOT","PC_LF","M","2014-12",3.4,
"JPN","UNEMP","TOT","PC_LF","M","2015-01",3.6,
"JPN","UNEMP","TOT","PC_LF","M","2015-02",3.5,
"JPN","UNEMP","TOT","PC_LF","M","2015-03",3.4,
"JPN","UNEMP","TOT","PC_LF","M","2015-04",3.4,
"JPN","UNEMP","TOT","PC_LF","M","2015-05",3.3,
"JPN","UNEMP","TOT","PC_LF","M","2015-06",3.4,
"JPN","UNEMP","TOT","PC_LF","M","2015-07",3.3,
"JPN","UNEMP","TOT","PC_LF","M","2015-08",3.4,
"JPN","UNEMP","TOT","PC_LF","M","2015-09",3.4,
"JPN","UNEMP","TOT","PC_LF","M","2015-10",3.2,
"JPN","UNEMP","TOT","PC_LF","M","2015-11",3.3,
"JPN","UNEMP","TOT","PC_LF","M","2015-12",3.3,
"JPN","UNEMP","TOT","PC_LF","M","2016-01",3.2,
"JPN","UNEMP","TOT","PC_LF","M","2016-02",3.3,
"JPN","UNEMP","TOT","PC_LF","M","2016-03",3.2,
"JPN","UNEMP","TOT","PC_LF","M","2016-04",3.2,
"JPN","UNEMP","TOT","PC_LF","M","2016-05",3.2,
"JPN","UNEMP","TOT","PC_LF","M","2016-06",3.1,
"JPN","UNEMP","TOT","PC_LF","M","2016-07",3,
"JPN","UNEMP","TOT","PC_LF","M","2016-08",3.1,
"JPN","UNEMP","TOT","PC_LF","M","2016-09",3,
"JPN","UNEMP","TOT","PC_LF","M","2016-10",3,
"JPN","UNEMP","TOT","PC_LF","M","2016-11",3,
"JPN","UNEMP","TOT","PC_LF","M","2016-12",3,
"JPN","UNEMP","TOT","PC_LF","M","2017-01",3,
"JPN","UNEMP","TOT","PC_LF","M","2017-02",2.9,
"JPN","UNEMP","TOT","PC_LF","M","2017-03",2.8,
"JPN","UNEMP","TOT","PC_LF","M","2017-04",2.8,
"JPN","UNEMP","TOT","PC_LF","M","2017-05",3.1,
"JPN","UNEMP","TOT","PC_LF","M","2017-06",2.8,
"JPN","UNEMP","TOT","PC_LF","M","2017-07",2.8,
"JPN","UNEMP","TOT","PC_LF","M","2017-08",2.8,
"JPN","UNEMP","TOT","PC_LF","M","2017-09",2.8,
"JPN","UNEMP","TOT","PC_LF","M","2017-10",2.7,
"JPN","UNEMP","TOT","PC_LF","M","2017-11",2.7,
"JPN","UNEMP","TOT","PC_LF","M","2017-12",2.7,
"JPN","UNEMP","TOT","PC_LF","M","2018-01",2.4,
"JPN","UNEMP","TOT","PC_LF","M","2018-02",2.5,
"JPN","UNEMP","TOT","PC_LF","M","2018-03",2.5,
"JPN","UNEMP","TOT","PC_LF","M","2018-04",2.5,
"JPN","UNEMP","TOT","PC_LF","M","2018-05",2.3,
"JPN","UNEMP","TOT","PC_LF","M","2018-06",2.5,
"JPN","UNEMP","TOT","PC_LF","M","2018-07",2.5,
"JPN","UNEMP","TOT","PC_LF","M","2018-08",2.5,
"JPN","UNEMP","TOT","PC_LF","M","2018-09",2.3,
"JPN","UNEMP","TOT","PC_LF","M","2018-10",2.4,
"JPN","UNEMP","TOT","PC_LF","M","2018-11",2.5,
"JPN","UNEMP","TOT","PC_LF","M","2018-12",2.4,
"JPN","UNEMP","TOT","PC_LF","M","2019-01",2.5,
"JPN","UNEMP","TOT","PC_LF","M","2019-02",2.4,
"JPN","UNEMP","TOT","PC_LF","M","2019-03",2.5,
"JPN","UNEMP","TOT","PC_LF","M","2019-04",2.4,
"JPN","UNEMP","TOT","PC_LF","M","2019-05",2.4,
"JPN","UNEMP","TOT","PC_LF","M","2019-06",2.3,
"JPN","UNEMP","TOT","PC_LF","M","2019-07",2.3,
"JPN","UNEMP","TOT","PC_LF","M","2019-08",2.3,
"JPN","UNEMP","TOT","PC_LF","M","2019-09",2.4,
"JPN","UNEMP","TOT","PC_LF","M","2019-10",2.4,
"JPN","UNEMP","TOT","PC_LF","M","2019-11",2.2,
"JPN","UNEMP","TOT","PC_LF","M","2019-12",2.2,
"JPN","UNEMP","TOT","PC_LF","M","2020-01",2.4,
"JPN","UNEMP","TOT","PC_LF","M","2020-02",2.4,
"KOR","UNEMP","TOT","PC_LF","M","2000-01",5.1,
"KOR","UNEMP","TOT","PC_LF","M","2000-02",4.8,
"KOR","UNEMP","TOT","PC_LF","M","2000-03",4.5,
"KOR","UNEMP","TOT","PC_LF","M","2000-04",4.4,
"KOR","UNEMP","TOT","PC_LF","M","2000-05",4.3,
"KOR","UNEMP","TOT","PC_LF","M","2000-06",4.1,
"KOR","UNEMP","TOT","PC_LF","M","2000-07",4.1,
"KOR","UNEMP","TOT","PC_LF","M","2000-08",4.3,
"KOR","UNEMP","TOT","PC_LF","M","2000-09",4.4,
"KOR","UNEMP","TOT","PC_LF","M","2000-10",4.1,
"KOR","UNEMP","TOT","PC_LF","M","2000-11",4.2,
"KOR","UNEMP","TOT","PC_LF","M","2000-12",4.4,
"KOR","UNEMP","TOT","PC_LF","M","2001-01",4.5,
"KOR","UNEMP","TOT","PC_LF","M","2001-02",4.6,
"KOR","UNEMP","TOT","PC_LF","M","2001-03",4.6,
"KOR","UNEMP","TOT","PC_LF","M","2001-04",4,
"KOR","UNEMP","TOT","PC_LF","M","2001-05",3.9,
"KOR","UNEMP","TOT","PC_LF","M","2001-06",3.8,
"KOR","UNEMP","TOT","PC_LF","M","2001-07",3.8,
"KOR","UNEMP","TOT","PC_LF","M","2001-08",3.8,
"KOR","UNEMP","TOT","PC_LF","M","2001-09",3.7,
"KOR","UNEMP","TOT","PC_LF","M","2001-10",3.7,
"KOR","UNEMP","TOT","PC_LF","M","2001-11",3.7,
"KOR","UNEMP","TOT","PC_LF","M","2001-12",3.7,
"KOR","UNEMP","TOT","PC_LF","M","2002-01",3.7,
"KOR","UNEMP","TOT","PC_LF","M","2002-02",3.5,
"KOR","UNEMP","TOT","PC_LF","M","2002-03",3.4,
"KOR","UNEMP","TOT","PC_LF","M","2002-04",3.4,
"KOR","UNEMP","TOT","PC_LF","M","2002-05",3.3,
"KOR","UNEMP","TOT","PC_LF","M","2002-06",3.1,
"KOR","UNEMP","TOT","PC_LF","M","2002-07",3.1,
"KOR","UNEMP","TOT","PC_LF","M","2002-08",3.3,
"KOR","UNEMP","TOT","PC_LF","M","2002-09",3,
"KOR","UNEMP","TOT","PC_LF","M","2002-10",3.1,
"KOR","UNEMP","TOT","PC_LF","M","2002-11",3.1,
"KOR","UNEMP","TOT","PC_LF","M","2002-12",3.1,
"KOR","UNEMP","TOT","PC_LF","M","2003-01",3.4,
"KOR","UNEMP","TOT","PC_LF","M","2003-02",3.3,
"KOR","UNEMP","TOT","PC_LF","M","2003-03",3.4,
"KOR","UNEMP","TOT","PC_LF","M","2003-04",3.4,
"KOR","UNEMP","TOT","PC_LF","M","2003-05",3.6,
"KOR","UNEMP","TOT","PC_LF","M","2003-06",3.6,
"KOR","UNEMP","TOT","PC_LF","M","2003-07",3.6,
"KOR","UNEMP","TOT","PC_LF","M","2003-08",3.7,
"KOR","UNEMP","TOT","PC_LF","M","2003-09",3.6,
"KOR","UNEMP","TOT","PC_LF","M","2003-10",3.7,
"KOR","UNEMP","TOT","PC_LF","M","2003-11",3.9,
"KOR","UNEMP","TOT","PC_LF","M","2003-12",3.7,
"KOR","UNEMP","TOT","PC_LF","M","2004-01",3.6,
"KOR","UNEMP","TOT","PC_LF","M","2004-02",3.6,
"KOR","UNEMP","TOT","PC_LF","M","2004-03",3.6,
"KOR","UNEMP","TOT","PC_LF","M","2004-04",3.6,
"KOR","UNEMP","TOT","PC_LF","M","2004-05",3.7,
"KOR","UNEMP","TOT","PC_LF","M","2004-06",3.5,
"KOR","UNEMP","TOT","PC_LF","M","2004-07",3.7,
"KOR","UNEMP","TOT","PC_LF","M","2004-08",3.7,
"KOR","UNEMP","TOT","PC_LF","M","2004-09",3.6,
"KOR","UNEMP","TOT","PC_LF","M","2004-10",3.7,
"KOR","UNEMP","TOT","PC_LF","M","2004-11",3.7,
"KOR","UNEMP","TOT","PC_LF","M","2004-12",3.8,
"KOR","UNEMP","TOT","PC_LF","M","2005-01",3.9,
"KOR","UNEMP","TOT","PC_LF","M","2005-02",3.7,
"KOR","UNEMP","TOT","PC_LF","M","2005-03",3.7,
"KOR","UNEMP","TOT","PC_LF","M","2005-04",3.7,
"KOR","UNEMP","TOT","PC_LF","M","2005-05",3.7,
"KOR","UNEMP","TOT","PC_LF","M","2005-06",3.8,
"KOR","UNEMP","TOT","PC_LF","M","2005-07",3.7,
"KOR","UNEMP","TOT","PC_LF","M","2005-08",3.7,
"KOR","UNEMP","TOT","PC_LF","M","2005-09",3.9,
"KOR","UNEMP","TOT","PC_LF","M","2005-10",3.9,
"KOR","UNEMP","TOT","PC_LF","M","2005-11",3.6,
"KOR","UNEMP","TOT","PC_LF","M","2005-12",3.6,
"KOR","UNEMP","TOT","PC_LF","M","2006-01",3.4,
"KOR","UNEMP","TOT","PC_LF","M","2006-02",3.6,
"KOR","UNEMP","TOT","PC_LF","M","2006-03",3.6,
"KOR","UNEMP","TOT","PC_LF","M","2006-04",3.5,
"KOR","UNEMP","TOT","PC_LF","M","2006-05",3.4,
"KOR","UNEMP","TOT","PC_LF","M","2006-06",3.5,
"KOR","UNEMP","TOT","PC_LF","M","2006-07",3.5,
"KOR","UNEMP","TOT","PC_LF","M","2006-08",3.5,
"KOR","UNEMP","TOT","PC_LF","M","2006-09",3.5,
"KOR","UNEMP","TOT","PC_LF","M","2006-10",3.5,
"KOR","UNEMP","TOT","PC_LF","M","2006-11",3.5,
"KOR","UNEMP","TOT","PC_LF","M","2006-12",3.4,
"KOR","UNEMP","TOT","PC_LF","M","2007-01",3.4,
"KOR","UNEMP","TOT","PC_LF","M","2007-02",3.2,
"KOR","UNEMP","TOT","PC_LF","M","2007-03",3.2,
"KOR","UNEMP","TOT","PC_LF","M","2007-04",3.3,
"KOR","UNEMP","TOT","PC_LF","M","2007-05",3.3,
"KOR","UNEMP","TOT","PC_LF","M","2007-06",3.2,
"KOR","UNEMP","TOT","PC_LF","M","2007-07",3.3,
"KOR","UNEMP","TOT","PC_LF","M","2007-08",3.2,
"KOR","UNEMP","TOT","PC_LF","M","2007-09",3.2,
"KOR","UNEMP","TOT","PC_LF","M","2007-10",3.2,
"KOR","UNEMP","TOT","PC_LF","M","2007-11",3.3,
"KOR","UNEMP","TOT","PC_LF","M","2007-12",3.2,
"KOR","UNEMP","TOT","PC_LF","M","2008-01",3,
"KOR","UNEMP","TOT","PC_LF","M","2008-02",3,
"KOR","UNEMP","TOT","PC_LF","M","2008-03",3,
"KOR","UNEMP","TOT","PC_LF","M","2008-04",3.1,
"KOR","UNEMP","TOT","PC_LF","M","2008-05",3.2,
"KOR","UNEMP","TOT","PC_LF","M","2008-06",3.1,
"KOR","UNEMP","TOT","PC_LF","M","2008-07",3.1,
"KOR","UNEMP","TOT","PC_LF","M","2008-08",3.2,
"KOR","UNEMP","TOT","PC_LF","M","2008-09",3.2,
"KOR","UNEMP","TOT","PC_LF","M","2008-10",3.2,
"KOR","UNEMP","TOT","PC_LF","M","2008-11",3.3,
"KOR","UNEMP","TOT","PC_LF","M","2008-12",3.4,
"KOR","UNEMP","TOT","PC_LF","M","2009-01",3.4,
"KOR","UNEMP","TOT","PC_LF","M","2009-02",3.4,
"KOR","UNEMP","TOT","PC_LF","M","2009-03",3.6,
"KOR","UNEMP","TOT","PC_LF","M","2009-04",3.6,
"KOR","UNEMP","TOT","PC_LF","M","2009-05",3.9,
"KOR","UNEMP","TOT","PC_LF","M","2009-06",3.9,
"KOR","UNEMP","TOT","PC_LF","M","2009-07",3.8,
"KOR","UNEMP","TOT","PC_LF","M","2009-08",3.8,
"KOR","UNEMP","TOT","PC_LF","M","2009-09",3.6,
"KOR","UNEMP","TOT","PC_LF","M","2009-10",3.5,
"KOR","UNEMP","TOT","PC_LF","M","2009-11",3.7,
"KOR","UNEMP","TOT","PC_LF","M","2009-12",3.6,
"KOR","UNEMP","TOT","PC_LF","M","2010-01",4.7,
"KOR","UNEMP","TOT","PC_LF","M","2010-02",4.1,
"KOR","UNEMP","TOT","PC_LF","M","2010-03",3.7,
"KOR","UNEMP","TOT","PC_LF","M","2010-04",3.6,
"KOR","UNEMP","TOT","PC_LF","M","2010-05",3.2,
"KOR","UNEMP","TOT","PC_LF","M","2010-06",3.5,
"KOR","UNEMP","TOT","PC_LF","M","2010-07",3.7,
"KOR","UNEMP","TOT","PC_LF","M","2010-08",3.5,
"KOR","UNEMP","TOT","PC_LF","M","2010-09",3.7,
"KOR","UNEMP","TOT","PC_LF","M","2010-10",3.6,
"KOR","UNEMP","TOT","PC_LF","M","2010-11",3.3,
"KOR","UNEMP","TOT","PC_LF","M","2010-12",3.7,
"KOR","UNEMP","TOT","PC_LF","M","2011-01",3.6,
"KOR","UNEMP","TOT","PC_LF","M","2011-02",3.7,
"KOR","UNEMP","TOT","PC_LF","M","2011-03",3.8,
"KOR","UNEMP","TOT","PC_LF","M","2011-04",3.5,
"KOR","UNEMP","TOT","PC_LF","M","2011-05",3.3,
"KOR","UNEMP","TOT","PC_LF","M","2011-06",3.3,
"KOR","UNEMP","TOT","PC_LF","M","2011-07",3.3,
"KOR","UNEMP","TOT","PC_LF","M","2011-08",3.2,
"KOR","UNEMP","TOT","PC_LF","M","2011-09",3.3,
"KOR","UNEMP","TOT","PC_LF","M","2011-10",3.2,
"KOR","UNEMP","TOT","PC_LF","M","2011-11",3.2,
"KOR","UNEMP","TOT","PC_LF","M","2011-12",3.2,
"KOR","UNEMP","TOT","PC_LF","M","2012-01",3.3,
"KOR","UNEMP","TOT","PC_LF","M","2012-02",3.4,
"KOR","UNEMP","TOT","PC_LF","M","2012-03",3.3,
"KOR","UNEMP","TOT","PC_LF","M","2012-04",3.3,
"KOR","UNEMP","TOT","PC_LF","M","2012-05",3.2,
"KOR","UNEMP","TOT","PC_LF","M","2012-06",3.2,
"KOR","UNEMP","TOT","PC_LF","M","2012-07",3.1,
"KOR","UNEMP","TOT","PC_LF","M","2012-08",3.1,
"KOR","UNEMP","TOT","PC_LF","M","2012-09",3.2,
"KOR","UNEMP","TOT","PC_LF","M","2012-10",3.1,
"KOR","UNEMP","TOT","PC_LF","M","2012-11",3.1,
"KOR","UNEMP","TOT","PC_LF","M","2012-12",3.1,
"KOR","UNEMP","TOT","PC_LF","M","2013-01",3.2,
"KOR","UNEMP","TOT","PC_LF","M","2013-02",3.2,
"KOR","UNEMP","TOT","PC_LF","M","2013-03",3,
"KOR","UNEMP","TOT","PC_LF","M","2013-04",3,
"KOR","UNEMP","TOT","PC_LF","M","2013-05",3.1,
"KOR","UNEMP","TOT","PC_LF","M","2013-06",3.1,
"KOR","UNEMP","TOT","PC_LF","M","2013-07",3.2,
"KOR","UNEMP","TOT","PC_LF","M","2013-08",3.1,
"KOR","UNEMP","TOT","PC_LF","M","2013-09",3,
"KOR","UNEMP","TOT","PC_LF","M","2013-10",3.1,
"KOR","UNEMP","TOT","PC_LF","M","2013-11",3,
"KOR","UNEMP","TOT","PC_LF","M","2013-12",3.2,
"KOR","UNEMP","TOT","PC_LF","M","2014-01",3.3,
"KOR","UNEMP","TOT","PC_LF","M","2014-02",3.6,
"KOR","UNEMP","TOT","PC_LF","M","2014-03",3.4,
"KOR","UNEMP","TOT","PC_LF","M","2014-04",3.6,
"KOR","UNEMP","TOT","PC_LF","M","2014-05",3.6,
"KOR","UNEMP","TOT","PC_LF","M","2014-06",3.5,
"KOR","UNEMP","TOT","PC_LF","M","2014-07",3.4,
"KOR","UNEMP","TOT","PC_LF","M","2014-08",3.5,
"KOR","UNEMP","TOT","PC_LF","M","2014-09",3.5,
"KOR","UNEMP","TOT","PC_LF","M","2014-10",3.6,
"KOR","UNEMP","TOT","PC_LF","M","2014-11",3.5,
"KOR","UNEMP","TOT","PC_LF","M","2014-12",3.7,
"KOR","UNEMP","TOT","PC_LF","M","2015-01",3.6,
"KOR","UNEMP","TOT","PC_LF","M","2015-02",3.6,
"KOR","UNEMP","TOT","PC_LF","M","2015-03",3.5,
"KOR","UNEMP","TOT","PC_LF","M","2015-04",3.6,
"KOR","UNEMP","TOT","PC_LF","M","2015-05",3.7,
"KOR","UNEMP","TOT","PC_LF","M","2015-06",3.8,
"KOR","UNEMP","TOT","PC_LF","M","2015-07",3.7,
"KOR","UNEMP","TOT","PC_LF","M","2015-08",3.5,
"KOR","UNEMP","TOT","PC_LF","M","2015-09",3.5,
"KOR","UNEMP","TOT","PC_LF","M","2015-10",3.5,
"KOR","UNEMP","TOT","PC_LF","M","2015-11",3.6,
"KOR","UNEMP","TOT","PC_LF","M","2015-12",3.5,
"KOR","UNEMP","TOT","PC_LF","M","2016-01",3.6,
"KOR","UNEMP","TOT","PC_LF","M","2016-02",3.9,
"KOR","UNEMP","TOT","PC_LF","M","2016-03",3.7,
"KOR","UNEMP","TOT","PC_LF","M","2016-04",3.6,
"KOR","UNEMP","TOT","PC_LF","M","2016-05",3.6,
"KOR","UNEMP","TOT","PC_LF","M","2016-06",3.6,
"KOR","UNEMP","TOT","PC_LF","M","2016-07",3.6,
"KOR","UNEMP","TOT","PC_LF","M","2016-08",3.7,
"KOR","UNEMP","TOT","PC_LF","M","2016-09",3.9,
"KOR","UNEMP","TOT","PC_LF","M","2016-10",3.8,
"KOR","UNEMP","TOT","PC_LF","M","2016-11",3.6,
"KOR","UNEMP","TOT","PC_LF","M","2016-12",3.5,
"KOR","UNEMP","TOT","PC_LF","M","2017-01",3.6,
"KOR","UNEMP","TOT","PC_LF","M","2017-02",3.9,
"KOR","UNEMP","TOT","PC_LF","M","2017-03",3.6,
"KOR","UNEMP","TOT","PC_LF","M","2017-04",3.8,
"KOR","UNEMP","TOT","PC_LF","M","2017-05",3.5,
"KOR","UNEMP","TOT","PC_LF","M","2017-06",3.8,
"KOR","UNEMP","TOT","PC_LF","M","2017-07",3.5,
"KOR","UNEMP","TOT","PC_LF","M","2017-08",3.7,
"KOR","UNEMP","TOT","PC_LF","M","2017-09",3.7,
"KOR","UNEMP","TOT","PC_LF","M","2017-10",3.7,
"KOR","UNEMP","TOT","PC_LF","M","2017-11",3.7,
"KOR","UNEMP","TOT","PC_LF","M","2017-12",3.7,
"KOR","UNEMP","TOT","PC_LF","M","2018-01",3.6,
"KOR","UNEMP","TOT","PC_LF","M","2018-02",3.6,
"KOR","UNEMP","TOT","PC_LF","M","2018-03",4,
"KOR","UNEMP","TOT","PC_LF","M","2018-04",3.8,
"KOR","UNEMP","TOT","PC_LF","M","2018-05",3.9,
"KOR","UNEMP","TOT","PC_LF","M","2018-06",3.7,
"KOR","UNEMP","TOT","PC_LF","M","2018-07",3.8,
"KOR","UNEMP","TOT","PC_LF","M","2018-08",4.2,
"KOR","UNEMP","TOT","PC_LF","M","2018-09",4,
"KOR","UNEMP","TOT","PC_LF","M","2018-10",4,
"KOR","UNEMP","TOT","PC_LF","M","2018-11",3.8,
"KOR","UNEMP","TOT","PC_LF","M","2018-12",3.8,
"KOR","UNEMP","TOT","PC_LF","M","2019-01",4.3,
"KOR","UNEMP","TOT","PC_LF","M","2019-02",3.7,
"KOR","UNEMP","TOT","PC_LF","M","2019-03",3.8,
"KOR","UNEMP","TOT","PC_LF","M","2019-04",4,
"KOR","UNEMP","TOT","PC_LF","M","2019-05",4,
"KOR","UNEMP","TOT","PC_LF","M","2019-06",4,
"KOR","UNEMP","TOT","PC_LF","M","2019-07",4,
"KOR","UNEMP","TOT","PC_LF","M","2019-08",3.1,
"KOR","UNEMP","TOT","PC_LF","M","2019-09",3.4,
"KOR","UNEMP","TOT","PC_LF","M","2019-10",3.5,
"KOR","UNEMP","TOT","PC_LF","M","2019-11",3.6,
"KOR","UNEMP","TOT","PC_LF","M","2019-12",3.7,
"KOR","UNEMP","TOT","PC_LF","M","2020-01",4,
"KOR","UNEMP","TOT","PC_LF","M","2020-02",3.3,
"MEX","UNEMP","TOT","PC_LF","M","2000-01",2.3,
"MEX","UNEMP","TOT","PC_LF","M","2000-02",2.1,
"MEX","UNEMP","TOT","PC_LF","M","2000-03",2.2,
"MEX","UNEMP","TOT","PC_LF","M","2000-04",2.805118,
"MEX","UNEMP","TOT","PC_LF","M","2000-05",2.7323,
"MEX","UNEMP","TOT","PC_LF","M","2000-06",2.731109,
"MEX","UNEMP","TOT","PC_LF","M","2000-07",2.46353,
"MEX","UNEMP","TOT","PC_LF","M","2000-08",2.74044,
"MEX","UNEMP","TOT","PC_LF","M","2000-09",2.633065,
"MEX","UNEMP","TOT","PC_LF","M","2000-10",2.501099,
"MEX","UNEMP","TOT","PC_LF","M","2000-11",2.27271,
"MEX","UNEMP","TOT","PC_LF","M","2000-12",2.5618,
"MEX","UNEMP","TOT","PC_LF","M","2001-01",2.581363,
"MEX","UNEMP","TOT","PC_LF","M","2001-02",3.15441,
"MEX","UNEMP","TOT","PC_LF","M","2001-03",2.6764,
"MEX","UNEMP","TOT","PC_LF","M","2001-04",2.715206,
"MEX","UNEMP","TOT","PC_LF","M","2001-05",2.789401,
"MEX","UNEMP","TOT","PC_LF","M","2001-06",2.745253,
"MEX","UNEMP","TOT","PC_LF","M","2001-07",2.827205,
"MEX","UNEMP","TOT","PC_LF","M","2001-08",2.316145,
"MEX","UNEMP","TOT","PC_LF","M","2001-09",2.515802,
"MEX","UNEMP","TOT","PC_LF","M","2001-10",2.877352,
"MEX","UNEMP","TOT","PC_LF","M","2001-11",2.89431,
"MEX","UNEMP","TOT","PC_LF","M","2001-12",3.101691,
"MEX","UNEMP","TOT","PC_LF","M","2002-01",3.40313,
"MEX","UNEMP","TOT","PC_LF","M","2002-02",2.990335,
"MEX","UNEMP","TOT","PC_LF","M","2002-03",3.034803,
"MEX","UNEMP","TOT","PC_LF","M","2002-04",3.064139,
"MEX","UNEMP","TOT","PC_LF","M","2002-05",3.138251,
"MEX","UNEMP","TOT","PC_LF","M","2002-06",3.048213,
"MEX","UNEMP","TOT","PC_LF","M","2002-07",2.913656,
"MEX","UNEMP","TOT","PC_LF","M","2002-08",2.787041,
"MEX","UNEMP","TOT","PC_LF","M","2002-09",2.896526,
"MEX","UNEMP","TOT","PC_LF","M","2002-10",2.804321,
"MEX","UNEMP","TOT","PC_LF","M","2002-11",2.918282,
"MEX","UNEMP","TOT","PC_LF","M","2002-12",2.736636,
"MEX","UNEMP","TOT","PC_LF","M","2003-01",2.918024,
"MEX","UNEMP","TOT","PC_LF","M","2003-02",2.952158,
"MEX","UNEMP","TOT","PC_LF","M","2003-03",3.131883,
"MEX","UNEMP","TOT","PC_LF","M","2003-04",3.100215,
"MEX","UNEMP","TOT","PC_LF","M","2003-05",3.199423,
"MEX","UNEMP","TOT","PC_LF","M","2003-06",3.277076,
"MEX","UNEMP","TOT","PC_LF","M","2003-07",3.582555,
"MEX","UNEMP","TOT","PC_LF","M","2003-08",3.674761,
"MEX","UNEMP","TOT","PC_LF","M","2003-09",3.825547,
"MEX","UNEMP","TOT","PC_LF","M","2003-10",3.777958,
"MEX","UNEMP","TOT","PC_LF","M","2003-11",3.951591,
"MEX","UNEMP","TOT","PC_LF","M","2003-12",3.406973,
"MEX","UNEMP","TOT","PC_LF","M","2004-01",3.799583,
"MEX","UNEMP","TOT","PC_LF","M","2004-02",4.027035,
"MEX","UNEMP","TOT","PC_LF","M","2004-03",3.926104,
"MEX","UNEMP","TOT","PC_LF","M","2004-04",3.995207,
"MEX","UNEMP","TOT","PC_LF","M","2004-05",3.890377,
"MEX","UNEMP","TOT","PC_LF","M","2004-06",3.96981,
"MEX","UNEMP","TOT","PC_LF","M","2004-07",3.799521,
"MEX","UNEMP","TOT","PC_LF","M","2004-08",4.005783,
"MEX","UNEMP","TOT","PC_LF","M","2004-09",3.848535,
"MEX","UNEMP","TOT","PC_LF","M","2004-10",3.903794,
"MEX","UNEMP","TOT","PC_LF","M","2004-11",3.817094,
"MEX","UNEMP","TOT","PC_LF","M","2004-12",4.034063,"B"
"MEX","UNEMP","TOT","PC_LF","M","2005-01",3.975158,
"MEX","UNEMP","TOT","PC_LF","M","2005-02",3.703033,
"MEX","UNEMP","TOT","PC_LF","M","2005-03",3.591992,
"MEX","UNEMP","TOT","PC_LF","M","2005-04",3.818534,
"MEX","UNEMP","TOT","PC_LF","M","2005-05",3.752531,
"MEX","UNEMP","TOT","PC_LF","M","2005-06",3.944258,
"MEX","UNEMP","TOT","PC_LF","M","2005-07",3.782412,
"MEX","UNEMP","TOT","PC_LF","M","2005-08",3.333088,
"MEX","UNEMP","TOT","PC_LF","M","2005-09",3.426018,
"MEX","UNEMP","TOT","PC_LF","M","2005-10",3.411103,
"MEX","UNEMP","TOT","PC_LF","M","2005-11",3.204231,
"MEX","UNEMP","TOT","PC_LF","M","2005-12",3.19521,
"MEX","UNEMP","TOT","PC_LF","M","2006-01",3.338046,
"MEX","UNEMP","TOT","PC_LF","M","2006-02",3.594904,
"MEX","UNEMP","TOT","PC_LF","M","2006-03",3.456815,
"MEX","UNEMP","TOT","PC_LF","M","2006-04",3.403484,
"MEX","UNEMP","TOT","PC_LF","M","2006-05",3.279408,
"MEX","UNEMP","TOT","PC_LF","M","2006-06",3.595111,
"MEX","UNEMP","TOT","PC_LF","M","2006-07",3.641483,
"MEX","UNEMP","TOT","PC_LF","M","2006-08",3.676973,
"MEX","UNEMP","TOT","PC_LF","M","2006-09",3.721912,
"MEX","UNEMP","TOT","PC_LF","M","2006-10",3.703098,
"MEX","UNEMP","TOT","PC_LF","M","2006-11",3.825849,
"MEX","UNEMP","TOT","PC_LF","M","2006-12",3.878354,
"MEX","UNEMP","TOT","PC_LF","M","2007-01",3.743093,
"MEX","UNEMP","TOT","PC_LF","M","2007-02",3.877752,
"MEX","UNEMP","TOT","PC_LF","M","2007-03",4.088524,
"MEX","UNEMP","TOT","PC_LF","M","2007-04",3.691625,
"MEX","UNEMP","TOT","PC_LF","M","2007-05",3.632856,
"MEX","UNEMP","TOT","PC_LF","M","2007-06",3.511337,
"MEX","UNEMP","TOT","PC_LF","M","2007-07",3.626812,
"MEX","UNEMP","TOT","PC_LF","M","2007-08",3.611686,
"MEX","UNEMP","TOT","PC_LF","M","2007-09",3.622642,
"MEX","UNEMP","TOT","PC_LF","M","2007-10",3.732736,
"MEX","UNEMP","TOT","PC_LF","M","2007-11",3.681421,
"MEX","UNEMP","TOT","PC_LF","M","2007-12",3.762841,
"MEX","UNEMP","TOT","PC_LF","M","2008-01",3.834737,
"MEX","UNEMP","TOT","PC_LF","M","2008-02",3.762437,
"MEX","UNEMP","TOT","PC_LF","M","2008-03",3.959803,
"MEX","UNEMP","TOT","PC_LF","M","2008-04",3.697944,
"MEX","UNEMP","TOT","PC_LF","M","2008-05",3.573048,
"MEX","UNEMP","TOT","PC_LF","M","2008-06",3.801407,
"MEX","UNEMP","TOT","PC_LF","M","2008-07",3.826238,
"MEX","UNEMP","TOT","PC_LF","M","2008-08",3.84637,
"MEX","UNEMP","TOT","PC_LF","M","2008-09",3.959694,
"MEX","UNEMP","TOT","PC_LF","M","2008-10",3.908651,
"MEX","UNEMP","TOT","PC_LF","M","2008-11",4.708126,
"MEX","UNEMP","TOT","PC_LF","M","2008-12",4.778192,
"MEX","UNEMP","TOT","PC_LF","M","2009-01",4.776784,
"MEX","UNEMP","TOT","PC_LF","M","2009-02",5.103218,
"MEX","UNEMP","TOT","PC_LF","M","2009-03",5.06482,
"MEX","UNEMP","TOT","PC_LF","M","2009-04",5.363848,
"MEX","UNEMP","TOT","PC_LF","M","2009-05",5.73024,
"MEX","UNEMP","TOT","PC_LF","M","2009-06",5.478347,
"MEX","UNEMP","TOT","PC_LF","M","2009-07",5.703154,
"MEX","UNEMP","TOT","PC_LF","M","2009-08",5.838473,
"MEX","UNEMP","TOT","PC_LF","M","2009-09",5.966423,
"MEX","UNEMP","TOT","PC_LF","M","2009-10",5.681849,
"MEX","UNEMP","TOT","PC_LF","M","2009-11",5.464932,
"MEX","UNEMP","TOT","PC_LF","M","2009-12",5.298382,
"USA","UNEMP","TOT","PC_LF","M","2000-01",4,
"USA","UNEMP","TOT","PC_LF","M","2000-02",4.1,
"USA","UNEMP","TOT","PC_LF","M","2000-03",4,
"USA","UNEMP","TOT","PC_LF","M","2000-04",3.8,
"USA","UNEMP","TOT","PC_LF","M","2000-05",4,
"USA","UNEMP","TOT","PC_LF","M","2000-06",4,
"USA","UNEMP","TOT","PC_LF","M","2000-07",4,
"USA","UNEMP","TOT","PC_LF","M","2000-08",4.1,
"USA","UNEMP","TOT","PC_LF","M","2000-09",3.9,
"USA","UNEMP","TOT","PC_LF","M","2000-10",3.9,
"USA","UNEMP","TOT","PC_LF","M","2000-11",3.9,
"USA","UNEMP","TOT","PC_LF","M","2000-12",3.9,
"USA","UNEMP","TOT","PC_LF","M","2001-01",4.2,
"USA","UNEMP","TOT","PC_LF","M","2001-02",4.2,
"USA","UNEMP","TOT","PC_LF","M","2001-03",4.3,
"USA","UNEMP","TOT","PC_LF","M","2001-04",4.4,
"USA","UNEMP","TOT","PC_LF","M","2001-05",4.3,
"USA","UNEMP","TOT","PC_LF","M","2001-06",4.5,
"USA","UNEMP","TOT","PC_LF","M","2001-07",4.6,
"USA","UNEMP","TOT","PC_LF","M","2001-08",4.9,
"USA","UNEMP","TOT","PC_LF","M","2001-09",5,
"USA","UNEMP","TOT","PC_LF","M","2001-10",5.3,
"USA","UNEMP","TOT","PC_LF","M","2001-11",5.5,
"USA","UNEMP","TOT","PC_LF","M","2001-12",5.7,
"USA","UNEMP","TOT","PC_LF","M","2002-01",5.7,
"USA","UNEMP","TOT","PC_LF","M","2002-02",5.7,
"USA","UNEMP","TOT","PC_LF","M","2002-03",5.7,
"USA","UNEMP","TOT","PC_LF","M","2002-04",5.9,
"USA","UNEMP","TOT","PC_LF","M","2002-05",5.8,
"USA","UNEMP","TOT","PC_LF","M","2002-06",5.8,
"USA","UNEMP","TOT","PC_LF","M","2002-07",5.8,
"USA","UNEMP","TOT","PC_LF","M","2002-08",5.7,
"USA","UNEMP","TOT","PC_LF","M","2002-09",5.7,
"USA","UNEMP","TOT","PC_LF","M","2002-10",5.7,
"USA","UNEMP","TOT","PC_LF","M","2002-11",5.9,
"USA","UNEMP","TOT","PC_LF","M","2002-12",6,
"USA","UNEMP","TOT","PC_LF","M","2003-01",5.8,
"USA","UNEMP","TOT","PC_LF","M","2003-02",5.9,
"USA","UNEMP","TOT","PC_LF","M","2003-03",5.9,
"USA","UNEMP","TOT","PC_LF","M","2003-04",6,
"USA","UNEMP","TOT","PC_LF","M","2003-05",6.1,
"USA","UNEMP","TOT","PC_LF","M","2003-06",6.3,
"USA","UNEMP","TOT","PC_LF","M","2003-07",6.2,
"USA","UNEMP","TOT","PC_LF","M","2003-08",6.1,
"USA","UNEMP","TOT","PC_LF","M","2003-09",6.1,
"USA","UNEMP","TOT","PC_LF","M","2003-10",6,
"USA","UNEMP","TOT","PC_LF","M","2003-11",5.8,
"USA","UNEMP","TOT","PC_LF","M","2003-12",5.7,
"USA","UNEMP","TOT","PC_LF","M","2004-01",5.7,
"USA","UNEMP","TOT","PC_LF","M","2004-02",5.6,
"USA","UNEMP","TOT","PC_LF","M","2004-03",5.8,
"USA","UNEMP","TOT","PC_LF","M","2004-04",5.6,
"USA","UNEMP","TOT","PC_LF","M","2004-05",5.6,
"USA","UNEMP","TOT","PC_LF","M","2004-06",5.6,
"USA","UNEMP","TOT","PC_LF","M","2004-07",5.5,
"USA","UNEMP","TOT","PC_LF","M","2004-08",5.4,
"USA","UNEMP","TOT","PC_LF","M","2004-09",5.4,
"USA","UNEMP","TOT","PC_LF","M","2004-10",5.5,
"USA","UNEMP","TOT","PC_LF","M","2004-11",5.4,
"USA","UNEMP","TOT","PC_LF","M","2004-12",5.4,
"USA","UNEMP","TOT","PC_LF","M","2005-01",5.3,
"USA","UNEMP","TOT","PC_LF","M","2005-02",5.4,
"USA","UNEMP","TOT","PC_LF","M","2005-03",5.2,
"USA","UNEMP","TOT","PC_LF","M","2005-04",5.2,
"USA","UNEMP","TOT","PC_LF","M","2005-05",5.1,
"USA","UNEMP","TOT","PC_LF","M","2005-06",5,
"USA","UNEMP","TOT","PC_LF","M","2005-07",5,
"USA","UNEMP","TOT","PC_LF","M","2005-08",4.9,
"USA","UNEMP","TOT","PC_LF","M","2005-09",5,
"USA","UNEMP","TOT","PC_LF","M","2005-10",5,
"USA","UNEMP","TOT","PC_LF","M","2005-11",5,
"USA","UNEMP","TOT","PC_LF","M","2005-12",4.9,
"USA","UNEMP","TOT","PC_LF","M","2006-01",4.7,
"USA","UNEMP","TOT","PC_LF","M","2006-02",4.8,
"USA","UNEMP","TOT","PC_LF","M","2006-03",4.7,
"USA","UNEMP","TOT","PC_LF","M","2006-04",4.7,
"USA","UNEMP","TOT","PC_LF","M","2006-05",4.6,
"USA","UNEMP","TOT","PC_LF","M","2006-06",4.6,
"USA","UNEMP","TOT","PC_LF","M","2006-07",4.7,
"USA","UNEMP","TOT","PC_LF","M","2006-08",4.7,
"USA","UNEMP","TOT","PC_LF","M","2006-09",4.5,
"USA","UNEMP","TOT","PC_LF","M","2006-10",4.4,
"USA","UNEMP","TOT","PC_LF","M","2006-11",4.5,
"USA","UNEMP","TOT","PC_LF","M","2006-12",4.4,
"USA","UNEMP","TOT","PC_LF","M","2007-01",4.6,
"USA","UNEMP","TOT","PC_LF","M","2007-02",4.5,
"USA","UNEMP","TOT","PC_LF","M","2007-03",4.4,
"USA","UNEMP","TOT","PC_LF","M","2007-04",4.5,
"USA","UNEMP","TOT","PC_LF","M","2007-05",4.4,
"USA","UNEMP","TOT","PC_LF","M","2007-06",4.6,
"USA","UNEMP","TOT","PC_LF","M","2007-07",4.7,
"USA","UNEMP","TOT","PC_LF","M","2007-08",4.6,
"USA","UNEMP","TOT","PC_LF","M","2007-09",4.7,
"USA","UNEMP","TOT","PC_LF","M","2007-10",4.7,
"USA","UNEMP","TOT","PC_LF","M","2007-11",4.7,
"USA","UNEMP","TOT","PC_LF","M","2007-12",5,
"USA","UNEMP","TOT","PC_LF","M","2008-01",5,
"USA","UNEMP","TOT","PC_LF","M","2008-02",4.9,
"USA","UNEMP","TOT","PC_LF","M","2008-03",5.1,
"USA","UNEMP","TOT","PC_LF","M","2008-04",5,
"USA","UNEMP","TOT","PC_LF","M","2008-05",5.4,
"USA","UNEMP","TOT","PC_LF","M","2008-06",5.6,
"USA","UNEMP","TOT","PC_LF","M","2008-07",5.8,
"USA","UNEMP","TOT","PC_LF","M","2008-08",6.1,
"USA","UNEMP","TOT","PC_LF","M","2008-09",6.1,
"USA","UNEMP","TOT","PC_LF","M","2008-10",6.5,
"USA","UNEMP","TOT","PC_LF","M","2008-11",6.8,
"USA","UNEMP","TOT","PC_LF","M","2008-12",7.3,
"USA","UNEMP","TOT","PC_LF","M","2009-01",7.8,
"USA","UNEMP","TOT","PC_LF","M","2009-02",8.3,
"USA","UNEMP","TOT","PC_LF","M","2009-03",8.7,
"USA","UNEMP","TOT","PC_LF","M","2009-04",9,
"USA","UNEMP","TOT","PC_LF","M","2009-05",9.4,
"USA","UNEMP","TOT","PC_LF","M","2009-06",9.5,
"USA","UNEMP","TOT","PC_LF","M","2009-07",9.5,
"USA","UNEMP","TOT","PC_LF","M","2009-08",9.6,
"USA","UNEMP","TOT","PC_LF","M","2009-09",9.8,
"USA","UNEMP","TOT","PC_LF","M","2009-10",10,
"USA","UNEMP","TOT","PC_LF","M","2009-11",9.9,
"USA","UNEMP","TOT","PC_LF","M","2009-12",9.9,
"USA","UNEMP","TOT","PC_LF","M","2010-01",9.8,
"USA","UNEMP","TOT","PC_LF","M","2010-02",9.8,
"USA","UNEMP","TOT","PC_LF","M","2010-03",9.9,
"USA","UNEMP","TOT","PC_LF","M","2010-04",9.9,
"USA","UNEMP","TOT","PC_LF","M","2010-05",9.6,
"USA","UNEMP","TOT","PC_LF","M","2010-06",9.4,
"USA","UNEMP","TOT","PC_LF","M","2010-07",9.4,
"USA","UNEMP","TOT","PC_LF","M","2010-08",9.5,
"USA","UNEMP","TOT","PC_LF","M","2010-09",9.5,
"USA","UNEMP","TOT","PC_LF","M","2010-10",9.4,
"USA","UNEMP","TOT","PC_LF","M","2010-11",9.8,
"USA","UNEMP","TOT","PC_LF","M","2010-12",9.3,
"USA","UNEMP","TOT","PC_LF","M","2011-01",9.1,
"USA","UNEMP","TOT","PC_LF","M","2011-02",9,
"USA","UNEMP","TOT","PC_LF","M","2011-03",9,
"USA","UNEMP","TOT","PC_LF","M","2011-04",9.1,
"USA","UNEMP","TOT","PC_LF","M","2011-05",9,
"USA","UNEMP","TOT","PC_LF","M","2011-06",9.1,
"USA","UNEMP","TOT","PC_LF","M","2011-07",9,
"USA","UNEMP","TOT","PC_LF","M","2011-08",9,
"USA","UNEMP","TOT","PC_LF","M","2011-09",9,
"USA","UNEMP","TOT","PC_LF","M","2011-10",8.8,
"USA","UNEMP","TOT","PC_LF","M","2011-11",8.6,
"USA","UNEMP","TOT","PC_LF","M","2011-12",8.5,
"USA","UNEMP","TOT","PC_LF","M","2012-01",8.3,
"USA","UNEMP","TOT","PC_LF","M","2012-02",8.3,
"USA","UNEMP","TOT","PC_LF","M","2012-03",8.2,
"USA","UNEMP","TOT","PC_LF","M","2012-04",8.2,
"USA","UNEMP","TOT","PC_LF","M","2012-05",8.2,
"USA","UNEMP","TOT","PC_LF","M","2012-06",8.2,
"USA","UNEMP","TOT","PC_LF","M","2012-07",8.2,
"USA","UNEMP","TOT","PC_LF","M","2012-08",8.1,
"USA","UNEMP","TOT","PC_LF","M","2012-09",7.8,
"USA","UNEMP","TOT","PC_LF","M","2012-10",7.8,
"USA","UNEMP","TOT","PC_LF","M","2012-11",7.7,
"USA","UNEMP","TOT","PC_LF","M","2012-12",7.9,
"USA","UNEMP","TOT","PC_LF","M","2013-01",8,
"USA","UNEMP","TOT","PC_LF","M","2013-02",7.7,
"USA","UNEMP","TOT","PC_LF","M","2013-03",7.5,
"USA","UNEMP","TOT","PC_LF","M","2013-04",7.6,
"USA","UNEMP","TOT","PC_LF","M","2013-05",7.5,
"USA","UNEMP","TOT","PC_LF","M","2013-06",7.5,
"USA","UNEMP","TOT","PC_LF","M","2013-07",7.3,
"USA","UNEMP","TOT","PC_LF","M","2013-08",7.2,
"USA","UNEMP","TOT","PC_LF","M","2013-09",7.2,
"USA","UNEMP","TOT","PC_LF","M","2013-10",7.2,
"USA","UNEMP","TOT","PC_LF","M","2013-11",6.9,
"USA","UNEMP","TOT","PC_LF","M","2013-12",6.7,
"USA","UNEMP","TOT","PC_LF","M","2014-01",6.6,
"USA","UNEMP","TOT","PC_LF","M","2014-02",6.7,
"USA","UNEMP","TOT","PC_LF","M","2014-03",6.7,
"USA","UNEMP","TOT","PC_LF","M","2014-04",6.2,
"USA","UNEMP","TOT","PC_LF","M","2014-05",6.3,
"USA","UNEMP","TOT","PC_LF","M","2014-06",6.1,
"USA","UNEMP","TOT","PC_LF","M","2014-07",6.2,
"USA","UNEMP","TOT","PC_LF","M","2014-08",6.1,
"USA","UNEMP","TOT","PC_LF","M","2014-09",5.9,
"USA","UNEMP","TOT","PC_LF","M","2014-10",5.7,
"USA","UNEMP","TOT","PC_LF","M","2014-11",5.8,
"USA","UNEMP","TOT","PC_LF","M","2014-12",5.6,
"USA","UNEMP","TOT","PC_LF","M","2015-01",5.7,
"USA","UNEMP","TOT","PC_LF","M","2015-02",5.5,
"USA","UNEMP","TOT","PC_LF","M","2015-03",5.4,
"USA","UNEMP","TOT","PC_LF","M","2015-04",5.4,
"USA","UNEMP","TOT","PC_LF","M","2015-05",5.6,
"USA","UNEMP","TOT","PC_LF","M","2015-06",5.3,
"USA","UNEMP","TOT","PC_LF","M","2015-07",5.2,
"USA","UNEMP","TOT","PC_LF","M","2015-08",5.1,
"USA","UNEMP","TOT","PC_LF","M","2015-09",5,
"USA","UNEMP","TOT","PC_LF","M","2015-10",5,
"USA","UNEMP","TOT","PC_LF","M","2015-11",5.1,
"USA","UNEMP","TOT","PC_LF","M","2015-12",5,
"USA","UNEMP","TOT","PC_LF","M","2016-01",4.9,
"USA","UNEMP","TOT","PC_LF","M","2016-02",4.9,
"USA","UNEMP","TOT","PC_LF","M","2016-03",5,
"USA","UNEMP","TOT","PC_LF","M","2016-04",5,
"USA","UNEMP","TOT","PC_LF","M","2016-05",4.8,
"USA","UNEMP","TOT","PC_LF","M","2016-06",4.9,
"USA","UNEMP","TOT","PC_LF","M","2016-07",4.8,
"USA","UNEMP","TOT","PC_LF","M","2016-08",4.9,
"USA","UNEMP","TOT","PC_LF","M","2016-09",5,
"USA","UNEMP","TOT","PC_LF","M","2016-10",4.9,
"USA","UNEMP","TOT","PC_LF","M","2016-11",4.7,
"USA","UNEMP","TOT","PC_LF","M","2016-12",4.7,
"USA","UNEMP","TOT","PC_LF","M","2017-01",4.7,
"USA","UNEMP","TOT","PC_LF","M","2017-02",4.6,
"USA","UNEMP","TOT","PC_LF","M","2017-03",4.4,
"USA","UNEMP","TOT","PC_LF","M","2017-04",4.4,
"USA","UNEMP","TOT","PC_LF","M","2017-05",4.4,
"USA","UNEMP","TOT","PC_LF","M","2017-06",4.3,
"USA","UNEMP","TOT","PC_LF","M","2017-07",4.3,
"USA","UNEMP","TOT","PC_LF","M","2017-08",4.4,
"USA","UNEMP","TOT","PC_LF","M","2017-09",4.2,
"USA","UNEMP","TOT","PC_LF","M","2017-10",4.1,
"USA","UNEMP","TOT","PC_LF","M","2017-11",4.2,
"USA","UNEMP","TOT","PC_LF","M","2017-12",4.1,
"USA","UNEMP","TOT","PC_LF","M","2018-01",4.1,
"USA","UNEMP","TOT","PC_LF","M","2018-02",4.1,
"USA","UNEMP","TOT","PC_LF","M","2018-03",4,
"USA","UNEMP","TOT","PC_LF","M","2018-04",4,
"USA","UNEMP","TOT","PC_LF","M","2018-05",3.8,
"USA","UNEMP","TOT","PC_LF","M","2018-06",4,
"USA","UNEMP","TOT","PC_LF","M","2018-07",3.8,
"USA","UNEMP","TOT","PC_LF","M","2018-08",3.8,
"USA","UNEMP","TOT","PC_LF","M","2018-09",3.7,
"USA","UNEMP","TOT","PC_LF","M","2018-10",3.8,
"USA","UNEMP","TOT","PC_LF","M","2018-11",3.7,
"USA","UNEMP","TOT","PC_LF","M","2018-12",3.9,
"USA","UNEMP","TOT","PC_LF","M","2019-01",4,
"USA","UNEMP","TOT","PC_LF","M","2019-02",3.8,
"USA","UNEMP","TOT","PC_LF","M","2019-03",3.8,
"USA","UNEMP","TOT","PC_LF","M","2019-04",3.6,
"USA","UNEMP","TOT","PC_LF","M","2019-05",3.6,
"USA","UNEMP","TOT","PC_LF","M","2019-06",3.7,
"USA","UNEMP","TOT","PC_LF","M","2019-07",3.7,
"USA","UNEMP","TOT","PC_LF","M","2019-08",3.7,
"USA","UNEMP","TOT","PC_LF","M","2019-09",3.5,
"USA","UNEMP","TOT","PC_LF","M","2019-10",3.6,
"USA","UNEMP","TOT","PC_LF","M","2019-11",3.5,
"USA","UNEMP","TOT","PC_LF","M","2019-12",3.5,
"USA","UNEMP","TOT","PC_LF","M","2020-01",3.6,
"USA","UNEMP","TOT","PC_LF","M","2020-02",3.5,
"USA","UNEMP","TOT","PC_LF","M","2020-03",4.4,
"BRA","UNEMP","TOT","PC_LF","M","2000-01",13.76622,
"BRA","UNEMP","TOT","PC_LF","M","2000-02",14.32408,
"BRA","UNEMP","TOT","PC_LF","M","2000-03",13.49711,
"BRA","UNEMP","TOT","PC_LF","M","2000-04",13.28542,
"BRA","UNEMP","TOT","PC_LF","M","2000-05",13.24534,
"BRA","UNEMP","TOT","PC_LF","M","2000-06",12.89201,
"BRA","UNEMP","TOT","PC_LF","M","2000-07",12.64152,
"BRA","UNEMP","TOT","PC_LF","M","2000-08",12.63121,
"BRA","UNEMP","TOT","PC_LF","M","2000-09",12.04451,
"BRA","UNEMP","TOT","PC_LF","M","2000-10",12.30437,
"BRA","UNEMP","TOT","PC_LF","M","2000-11",11.76352,
"BRA","UNEMP","TOT","PC_LF","M","2000-12",10.44681,
"BRA","UNEMP","TOT","PC_LF","M","2001-01",10.43982,
"BRA","UNEMP","TOT","PC_LF","M","2001-02",9.965407,
"BRA","UNEMP","TOT","PC_LF","M","2001-03",10.65077,
"BRA","UNEMP","TOT","PC_LF","M","2001-04",10.89884,
"BRA","UNEMP","TOT","PC_LF","M","2001-05",11.66998,
"BRA","UNEMP","TOT","PC_LF","M","2001-06",11.11748,
"BRA","UNEMP","TOT","PC_LF","M","2001-07",10.94856,
"BRA","UNEMP","TOT","PC_LF","M","2001-08",10.8405,
"BRA","UNEMP","TOT","PC_LF","M","2001-09",11.13198,
"BRA","UNEMP","TOT","PC_LF","M","2001-10",11.88365,
"BRA","UNEMP","TOT","PC_LF","M","2001-11",12.10247,
"BRA","UNEMP","TOT","PC_LF","M","2001-12",12.33133,
"BRA","UNEMP","TOT","PC_LF","M","2002-01",11.37821,
"BRA","UNEMP","TOT","PC_LF","M","2002-02",12.27821,
"BRA","UNEMP","TOT","PC_LF","M","2002-03",12.28853,
"BRA","UNEMP","TOT","PC_LF","M","2002-04",11.89526,
"BRA","UNEMP","TOT","PC_LF","M","2002-05",11.50375,
"BRA","UNEMP","TOT","PC_LF","M","2002-06",11.43109,
"BRA","UNEMP","TOT","PC_LF","M","2002-07",11.72478,
"BRA","UNEMP","TOT","PC_LF","M","2002-08",11.59954,
"BRA","UNEMP","TOT","PC_LF","M","2002-09",11.56013,
"BRA","UNEMP","TOT","PC_LF","M","2002-10",11.4327,
"BRA","UNEMP","TOT","PC_LF","M","2002-11",11.46962,
"BRA","UNEMP","TOT","PC_LF","M","2002-12",12.04462,
"BRA","UNEMP","TOT","PC_LF","M","2003-01",11.58112,
"BRA","UNEMP","TOT","PC_LF","M","2003-02",11.42004,
"BRA","UNEMP","TOT","PC_LF","M","2003-03",11.52402,
"BRA","UNEMP","TOT","PC_LF","M","2003-04",11.82587,
"BRA","UNEMP","TOT","PC_LF","M","2003-05",12.46263,
"BRA","UNEMP","TOT","PC_LF","M","2003-06",12.84821,
"BRA","UNEMP","TOT","PC_LF","M","2003-07",12.64329,
"BRA","UNEMP","TOT","PC_LF","M","2003-08",12.93142,
"BRA","UNEMP","TOT","PC_LF","M","2003-09",13.07707,
"BRA","UNEMP","TOT","PC_LF","M","2003-10",13.26376,
"BRA","UNEMP","TOT","PC_LF","M","2003-11",12.81897,
"BRA","UNEMP","TOT","PC_LF","M","2003-12",12.51585,
"BRA","UNEMP","TOT","PC_LF","M","2004-01",12.1344,
"BRA","UNEMP","TOT","PC_LF","M","2004-02",11.85405,
"BRA","UNEMP","TOT","PC_LF","M","2004-03",12.17998,
"BRA","UNEMP","TOT","PC_LF","M","2004-04",12.42227,
"BRA","UNEMP","TOT","PC_LF","M","2004-05",11.8334,
"BRA","UNEMP","TOT","PC_LF","M","2004-06",11.59418,
"BRA","UNEMP","TOT","PC_LF","M","2004-07",11.08624,
"BRA","UNEMP","TOT","PC_LF","M","2004-08",11.26412,
"BRA","UNEMP","TOT","PC_LF","M","2004-09",10.9855,
"BRA","UNEMP","TOT","PC_LF","M","2004-10",10.74518,
"BRA","UNEMP","TOT","PC_LF","M","2004-11",11.20485,
"BRA","UNEMP","TOT","PC_LF","M","2004-12",11.06768,
"BRA","UNEMP","TOT","PC_LF","M","2005-01",10.54401,
"BRA","UNEMP","TOT","PC_LF","M","2005-02",10.47064,
"BRA","UNEMP","TOT","PC_LF","M","2005-03",10.28259,
"BRA","UNEMP","TOT","PC_LF","M","2005-04",10.22216,
"BRA","UNEMP","TOT","PC_LF","M","2005-05",9.827232,
"BRA","UNEMP","TOT","PC_LF","M","2005-06",9.254727,
"BRA","UNEMP","TOT","PC_LF","M","2005-07",9.322425,
"BRA","UNEMP","TOT","PC_LF","M","2005-08",9.329138,
"BRA","UNEMP","TOT","PC_LF","M","2005-09",9.736018,
"BRA","UNEMP","TOT","PC_LF","M","2005-10",9.861129,
"BRA","UNEMP","TOT","PC_LF","M","2005-11",10.10996,
"BRA","UNEMP","TOT","PC_LF","M","2005-12",9.675368,
"BRA","UNEMP","TOT","PC_LF","M","2006-01",9.617917,
"BRA","UNEMP","TOT","PC_LF","M","2006-02",9.895424,
"BRA","UNEMP","TOT","PC_LF","M","2006-03",9.87268,
"BRA","UNEMP","TOT","PC_LF","M","2006-04",9.840483,
"BRA","UNEMP","TOT","PC_LF","M","2006-05",9.82048,
"BRA","UNEMP","TOT","PC_LF","M","2006-06",10.2695,
"BRA","UNEMP","TOT","PC_LF","M","2006-07",10.58653,
"BRA","UNEMP","TOT","PC_LF","M","2006-08",10.47811,
"BRA","UNEMP","TOT","PC_LF","M","2006-09",10.06391,
"BRA","UNEMP","TOT","PC_LF","M","2006-10",10.06175,
"BRA","UNEMP","TOT","PC_LF","M","2006-11",10.0714,
"BRA","UNEMP","TOT","PC_LF","M","2006-12",9.695142,
"BRA","UNEMP","TOT","PC_LF","M","2007-01",9.623956,
"BRA","UNEMP","TOT","PC_LF","M","2007-02",9.673713,
"BRA","UNEMP","TOT","PC_LF","M","2007-03",9.622403,
"BRA","UNEMP","TOT","PC_LF","M","2007-04",9.618071,
"BRA","UNEMP","TOT","PC_LF","M","2007-05",9.770851,
"BRA","UNEMP","TOT","PC_LF","M","2007-06",9.526117,
"BRA","UNEMP","TOT","PC_LF","M","2007-07",9.325441,
"BRA","UNEMP","TOT","PC_LF","M","2007-08",9.446429,
"BRA","UNEMP","TOT","PC_LF","M","2007-09",9.072807,
"BRA","UNEMP","TOT","PC_LF","M","2007-10",8.932889,
"BRA","UNEMP","TOT","PC_LF","M","2007-11",8.723907,
"BRA","UNEMP","TOT","PC_LF","M","2007-12",8.636428,
"BRA","UNEMP","TOT","PC_LF","M","2008-01",8.274426,
"BRA","UNEMP","TOT","PC_LF","M","2008-02",8.516868,
"BRA","UNEMP","TOT","PC_LF","M","2008-03",8.119047,
"BRA","UNEMP","TOT","PC_LF","M","2008-04",8.072902,
"BRA","UNEMP","TOT","PC_LF","M","2008-05",7.60141,
"BRA","UNEMP","TOT","PC_LF","M","2008-06",7.715947,
"BRA","UNEMP","TOT","PC_LF","M","2008-07",7.983775,
"BRA","UNEMP","TOT","PC_LF","M","2008-08",7.524454,
"BRA","UNEMP","TOT","PC_LF","M","2008-09",7.715191,
"BRA","UNEMP","TOT","PC_LF","M","2008-10",7.674621,
"BRA","UNEMP","TOT","PC_LF","M","2008-11",8.028376,
"BRA","UNEMP","TOT","PC_LF","M","2008-12",7.885071,
"BRA","UNEMP","TOT","PC_LF","M","2009-01",8.467198,
"BRA","UNEMP","TOT","PC_LF","M","2009-02",8.287186,
"BRA","UNEMP","TOT","PC_LF","M","2009-03",8.539585,
"BRA","UNEMP","TOT","PC_LF","M","2009-04",8.431472,
"BRA","UNEMP","TOT","PC_LF","M","2009-05",8.472834,
"BRA","UNEMP","TOT","PC_LF","M","2009-06",7.940168,
"BRA","UNEMP","TOT","PC_LF","M","2009-07",7.842829,
"BRA","UNEMP","TOT","PC_LF","M","2009-08",7.999191,
"BRA","UNEMP","TOT","PC_LF","M","2009-09",7.756629,
"BRA","UNEMP","TOT","PC_LF","M","2009-10",7.729197,
"BRA","UNEMP","TOT","PC_LF","M","2009-11",7.801152,
"BRA","UNEMP","TOT","PC_LF","M","2009-12",7.902646,
"BRA","UNEMP","TOT","PC_LF","M","2010-01",7.465011,
"BRA","UNEMP","TOT","PC_LF","M","2010-02",7.191654,
"BRA","UNEMP","TOT","PC_LF","M","2010-03",7.172642,
"BRA","UNEMP","TOT","PC_LF","M","2010-04",6.875212,
"BRA","UNEMP","TOT","PC_LF","M","2010-05",7.143868,
"BRA","UNEMP","TOT","PC_LF","M","2010-06",6.833828,
"BRA","UNEMP","TOT","PC_LF","M","2010-07",6.810925,
"BRA","UNEMP","TOT","PC_LF","M","2010-08",6.660689,
"BRA","UNEMP","TOT","PC_LF","M","2010-09",6.253394,
"BRA","UNEMP","TOT","PC_LF","M","2010-10",6.222114,
"BRA","UNEMP","TOT","PC_LF","M","2010-11",6.094969,
"BRA","UNEMP","TOT","PC_LF","M","2010-12",6.159383,
"BRA","UNEMP","TOT","PC_LF","M","2011-01",6.23846,
"BRA","UNEMP","TOT","PC_LF","M","2011-02",6.21431,
"BRA","UNEMP","TOT","PC_LF","M","2011-03",6.096147,
"BRA","UNEMP","TOT","PC_LF","M","2011-04",6.100201,
"BRA","UNEMP","TOT","PC_LF","M","2011-05",6.082115,
"BRA","UNEMP","TOT","PC_LF","M","2011-06",6.023153,
"BRA","UNEMP","TOT","PC_LF","M","2011-07",5.912048,
"BRA","UNEMP","TOT","PC_LF","M","2011-08",5.911242,
"BRA","UNEMP","TOT","PC_LF","M","2011-09",6.032932,
"BRA","UNEMP","TOT","PC_LF","M","2011-10",5.892017,
"BRA","UNEMP","TOT","PC_LF","M","2011-11",5.551761,
"BRA","UNEMP","TOT","PC_LF","M","2011-12",5.551572,
"BRA","UNEMP","TOT","PC_LF","M","2012-01",5.678271,
"BRA","UNEMP","TOT","PC_LF","M","2012-02",5.608653,
"BRA","UNEMP","TOT","PC_LF","M","2012-03",5.865548,
"BRA","UNEMP","TOT","PC_LF","M","2012-04",5.72741,
"BRA","UNEMP","TOT","PC_LF","M","2012-05",5.549574,
"BRA","UNEMP","TOT","PC_LF","M","2012-06",5.689653,
"BRA","UNEMP","TOT","PC_LF","M","2012-07",5.272289,
"BRA","UNEMP","TOT","PC_LF","M","2012-08",5.242164,
"BRA","UNEMP","TOT","PC_LF","M","2012-09",5.418124,
"BRA","UNEMP","TOT","PC_LF","M","2012-10",5.44998,
"BRA","UNEMP","TOT","PC_LF","M","2012-11",5.237459,
"BRA","UNEMP","TOT","PC_LF","M","2012-12",5.411323,
"BRA","UNEMP","TOT","PC_LF","M","2013-01",5.601452,
"BRA","UNEMP","TOT","PC_LF","M","2013-02",5.436466,
"BRA","UNEMP","TOT","PC_LF","M","2013-03",5.338785,
"BRA","UNEMP","TOT","PC_LF","M","2013-04",5.509905,
"BRA","UNEMP","TOT","PC_LF","M","2013-05",5.553439,
"BRA","UNEMP","TOT","PC_LF","M","2013-06",5.779708,
"BRA","UNEMP","TOT","PC_LF","M","2013-07",5.490614,
"BRA","UNEMP","TOT","PC_LF","M","2013-08",5.210773,
"BRA","UNEMP","TOT","PC_LF","M","2013-09",5.415362,
"BRA","UNEMP","TOT","PC_LF","M","2013-10",5.289386,
"BRA","UNEMP","TOT","PC_LF","M","2013-11",4.950717,
"BRA","UNEMP","TOT","PC_LF","M","2013-12",5.093781,
"BRA","UNEMP","TOT","PC_LF","M","2014-01",4.937573,
"BRA","UNEMP","TOT","PC_LF","M","2014-02",5.003753,
"BRA","UNEMP","TOT","PC_LF","M","2014-03",4.753304,
"BRA","UNEMP","TOT","PC_LF","M","2014-04",4.617692,
"BRA","UNEMP","TOT","PC_LF","M","2014-05",4.680679,
"BRA","UNEMP","TOT","PC_LF","M","2014-06",4.665461,
"BRA","UNEMP","TOT","PC_LF","M","2014-07",4.775859,
"BRA","UNEMP","TOT","PC_LF","M","2014-08",4.93764,
"BRA","UNEMP","TOT","PC_LF","M","2014-09",4.866515,
"BRA","UNEMP","TOT","PC_LF","M","2014-10",4.776866,
"BRA","UNEMP","TOT","PC_LF","M","2014-11",5.176929,
"BRA","UNEMP","TOT","PC_LF","M","2014-12",5.071084,
"BRA","UNEMP","TOT","PC_LF","M","2015-01",5.463681,
"BRA","UNEMP","TOT","PC_LF","M","2015-02",5.715923,
"BRA","UNEMP","TOT","PC_LF","M","2015-03",5.83795,
"BRA","UNEMP","TOT","PC_LF","M","2015-04",6.085472,
"BRA","UNEMP","TOT","PC_LF","M","2015-05",6.410128,
"BRA","UNEMP","TOT","PC_LF","M","2015-06",6.703869,
"BRA","UNEMP","TOT","PC_LF","M","2015-07",7.307231,
"BRA","UNEMP","TOT","PC_LF","M","2015-08",7.436954,
"BRA","UNEMP","TOT","PC_LF","M","2015-09",7.537654,
"BRA","UNEMP","TOT","PC_LF","M","2015-10",7.997365,
"BRA","UNEMP","TOT","PC_LF","M","2015-11",8.00671,
"CHL","UNEMP","TOT","PC_LF","M","2000-01",9.200274,
"CHL","UNEMP","TOT","PC_LF","M","2000-02",9.04165,
"CHL","UNEMP","TOT","PC_LF","M","2000-03",9.265088,
"CHL","UNEMP","TOT","PC_LF","M","2000-04",9.245249,
"CHL","UNEMP","TOT","PC_LF","M","2000-05",9.38966,
"CHL","UNEMP","TOT","PC_LF","M","2000-06",9.960872,
"CHL","UNEMP","TOT","PC_LF","M","2000-07",10.2227,
"CHL","UNEMP","TOT","PC_LF","M","2000-08",10.49456,
"CHL","UNEMP","TOT","PC_LF","M","2000-09",10.11641,
"CHL","UNEMP","TOT","PC_LF","M","2000-10",10.18238,
"CHL","UNEMP","TOT","PC_LF","M","2000-11",9.736002,
"CHL","UNEMP","TOT","PC_LF","M","2000-12",9.838801,
"CHL","UNEMP","TOT","PC_LF","M","2001-01",9.840822,
"CHL","UNEMP","TOT","PC_LF","M","2001-02",9.966402,
"CHL","UNEMP","TOT","PC_LF","M","2001-03",10.04851,
"CHL","UNEMP","TOT","PC_LF","M","2001-04",10.15126,
"CHL","UNEMP","TOT","PC_LF","M","2001-05",9.877192,
"CHL","UNEMP","TOT","PC_LF","M","2001-06",9.786768,
"CHL","UNEMP","TOT","PC_LF","M","2001-07",9.628064,
"CHL","UNEMP","TOT","PC_LF","M","2001-08",10.08088,
"CHL","UNEMP","TOT","PC_LF","M","2001-09",9.961435,
"CHL","UNEMP","TOT","PC_LF","M","2001-10",9.784737,
"CHL","UNEMP","TOT","PC_LF","M","2001-11",9.476506,
"CHL","UNEMP","TOT","PC_LF","M","2001-12",9.648473,
"CHL","UNEMP","TOT","PC_LF","M","2002-01",9.90555,
"CHL","UNEMP","TOT","PC_LF","M","2002-02",10.03164,
"CHL","UNEMP","TOT","PC_LF","M","2002-03",9.918691,
"CHL","UNEMP","TOT","PC_LF","M","2002-04",9.785483,
"CHL","UNEMP","TOT","PC_LF","M","2002-05",9.776876,
"CHL","UNEMP","TOT","PC_LF","M","2002-06",9.564805,
"CHL","UNEMP","TOT","PC_LF","M","2002-07",9.654738,
"CHL","UNEMP","TOT","PC_LF","M","2002-08",9.855994,
"CHL","UNEMP","TOT","PC_LF","M","2002-09",10.07544,
"CHL","UNEMP","TOT","PC_LF","M","2002-10",9.945372,
"CHL","UNEMP","TOT","PC_LF","M","2002-11",9.540668,
"CHL","UNEMP","TOT","PC_LF","M","2002-12",9.3732,
"CHL","UNEMP","TOT","PC_LF","M","2003-01",9.564314,
"CHL","UNEMP","TOT","PC_LF","M","2003-02",9.586768,
"CHL","UNEMP","TOT","PC_LF","M","2003-03",9.79466,
"CHL","UNEMP","TOT","PC_LF","M","2003-04",9.604479,
"CHL","UNEMP","TOT","PC_LF","M","2003-05",9.571523,
"CHL","UNEMP","TOT","PC_LF","M","2003-06",9.454339,
"CHL","UNEMP","TOT","PC_LF","M","2003-07",9.630355,
"CHL","UNEMP","TOT","PC_LF","M","2003-08",9.706356,
"CHL","UNEMP","TOT","PC_LF","M","2003-09",9.5125,
"CHL","UNEMP","TOT","PC_LF","M","2003-10",9.34257,
"CHL","UNEMP","TOT","PC_LF","M","2003-11",9.287615,
"CHL","UNEMP","TOT","PC_LF","M","2003-12",9.244301,
"CHL","UNEMP","TOT","PC_LF","M","2004-01",9.17339,
"CHL","UNEMP","TOT","PC_LF","M","2004-02",9.535391,
"CHL","UNEMP","TOT","PC_LF","M","2004-03",10.10132,
"CHL","UNEMP","TOT","PC_LF","M","2004-04",10.48779,
"CHL","UNEMP","TOT","PC_LF","M","2004-05",10.3708,
"CHL","UNEMP","TOT","PC_LF","M","2004-06",10.29639,
"CHL","UNEMP","TOT","PC_LF","M","2004-07",10.40044,
"CHL","UNEMP","TOT","PC_LF","M","2004-08",10.39165,
"CHL","UNEMP","TOT","PC_LF","M","2004-09",10.41631,
"CHL","UNEMP","TOT","PC_LF","M","2004-10",10.01966,
"CHL","UNEMP","TOT","PC_LF","M","2004-11",9.746029,
"CHL","UNEMP","TOT","PC_LF","M","2004-12",9.460667,
"CHL","UNEMP","TOT","PC_LF","M","2005-01",9.51066,
"CHL","UNEMP","TOT","PC_LF","M","2005-02",9.367978,
"CHL","UNEMP","TOT","PC_LF","M","2005-03",9.517233,
"CHL","UNEMP","TOT","PC_LF","M","2005-04",9.395543,
"CHL","UNEMP","TOT","PC_LF","M","2005-05",9.59004,
"CHL","UNEMP","TOT","PC_LF","M","2005-06",9.422501,
"CHL","UNEMP","TOT","PC_LF","M","2005-07",9.356622,
"CHL","UNEMP","TOT","PC_LF","M","2005-08",9.255723,
"CHL","UNEMP","TOT","PC_LF","M","2005-09",9.128814,
"CHL","UNEMP","TOT","PC_LF","M","2005-10",9.026525,
"CHL","UNEMP","TOT","PC_LF","M","2005-11",8.719951,
"CHL","UNEMP","TOT","PC_LF","M","2005-12",8.454558,
"CHL","UNEMP","TOT","PC_LF","M","2006-01",8.417744,
"CHL","UNEMP","TOT","PC_LF","M","2006-02",8.586641,
"CHL","UNEMP","TOT","PC_LF","M","2006-03",8.67076,
"CHL","UNEMP","TOT","PC_LF","M","2006-04",8.546406,
"CHL","UNEMP","TOT","PC_LF","M","2006-05",8.502542,
"CHL","UNEMP","TOT","PC_LF","M","2006-06",8.291394,
"CHL","UNEMP","TOT","PC_LF","M","2006-07",7.965536,
"CHL","UNEMP","TOT","PC_LF","M","2006-08",7.500924,
"CHL","UNEMP","TOT","PC_LF","M","2006-09",7.16952,
"CHL","UNEMP","TOT","PC_LF","M","2006-10",6.869565,
"CHL","UNEMP","TOT","PC_LF","M","2006-11",6.595211,
"CHL","UNEMP","TOT","PC_LF","M","2006-12",6.620469,
"CHL","UNEMP","TOT","PC_LF","M","2007-01",6.82302,
"CHL","UNEMP","TOT","PC_LF","M","2007-02",6.874155,
"CHL","UNEMP","TOT","PC_LF","M","2007-03",6.871599,
"CHL","UNEMP","TOT","PC_LF","M","2007-04",6.546508,
"CHL","UNEMP","TOT","PC_LF","M","2007-05",6.514458,
"CHL","UNEMP","TOT","PC_LF","M","2007-06",6.611176,
"CHL","UNEMP","TOT","PC_LF","M","2007-07",7.110618,
"CHL","UNEMP","TOT","PC_LF","M","2007-08",7.30478,
"CHL","UNEMP","TOT","PC_LF","M","2007-09",7.537214,
"CHL","UNEMP","TOT","PC_LF","M","2007-10",7.56761,
"CHL","UNEMP","TOT","PC_LF","M","2007-11",7.851968,
"CHL","UNEMP","TOT","PC_LF","M","2007-12",7.766428,
"CHL","UNEMP","TOT","PC_LF","M","2008-01",7.79473,
"CHL","UNEMP","TOT","PC_LF","M","2008-02",7.656828,
"CHL","UNEMP","TOT","PC_LF","M","2008-03",7.65868,
"CHL","UNEMP","TOT","PC_LF","M","2008-04",7.710317,
"CHL","UNEMP","TOT","PC_LF","M","2008-05",7.971574,
"CHL","UNEMP","TOT","PC_LF","M","2008-06",7.894847,
"CHL","UNEMP","TOT","PC_LF","M","2008-07",7.689429,
"CHL","UNEMP","TOT","PC_LF","M","2008-08",7.413392,
"CHL","UNEMP","TOT","PC_LF","M","2008-09",7.404079,
"CHL","UNEMP","TOT","PC_LF","M","2008-10",7.78283,
"CHL","UNEMP","TOT","PC_LF","M","2008-11",8.134183,
"CHL","UNEMP","TOT","PC_LF","M","2008-12",8.597849,
"CHL","UNEMP","TOT","PC_LF","M","2009-01",9.044595,
"CHL","UNEMP","TOT","PC_LF","M","2009-02",9.338944,
"CHL","UNEMP","TOT","PC_LF","M","2009-03",9.867675,
"CHL","UNEMP","TOT","PC_LF","M","2009-04",9.959227,
"CHL","UNEMP","TOT","PC_LF","M","2009-05",10.23818,
"CHL","UNEMP","TOT","PC_LF","M","2009-06",10.20841,
"CHL","UNEMP","TOT","PC_LF","M","2009-07",10.15915,
"CHL","UNEMP","TOT","PC_LF","M","2009-08",9.813972,
"CHL","UNEMP","TOT","PC_LF","M","2009-09",9.581934,
"CHL","UNEMP","TOT","PC_LF","M","2009-10",9.46073,
"CHL","UNEMP","TOT","PC_LF","M","2009-11",9.347213,
"CHL","UNEMP","TOT","PC_LF","M","2009-12",9.27457,
"CHL","UNEMP","TOT","PC_LF","M","2010-01",9.011557,
"CHL","UNEMP","TOT","PC_LF","M","2010-02",9.131085,
"CHL","UNEMP","TOT","PC_LF","M","2010-03",8.655206,
"CHL","UNEMP","TOT","PC_LF","M","2010-04",8.556082,
"CHL","UNEMP","TOT","PC_LF","M","2010-05",8.114058,
"CHL","UNEMP","TOT","PC_LF","M","2010-06",7.909077,
"CHL","UNEMP","TOT","PC_LF","M","2010-07",7.857049,
"CHL","UNEMP","TOT","PC_LF","M","2010-08",7.657543,
"CHL","UNEMP","TOT","PC_LF","M","2010-09",7.515479,
"CHL","UNEMP","TOT","PC_LF","M","2010-10",7.31845,
"CHL","UNEMP","TOT","PC_LF","M","2010-11",7.687663,
"CHL","UNEMP","TOT","PC_LF","M","2010-12",7.807084,
"CHL","UNEMP","TOT","PC_LF","M","2011-01",7.679816,
"CHL","UNEMP","TOT","PC_LF","M","2011-02",7.342138,
"CHL","UNEMP","TOT","PC_LF","M","2011-03",6.990195,
"CHL","UNEMP","TOT","PC_LF","M","2011-04",6.923219,
"CHL","UNEMP","TOT","PC_LF","M","2011-05",6.858807,
"CHL","UNEMP","TOT","PC_LF","M","2011-06",7.141706,
"CHL","UNEMP","TOT","PC_LF","M","2011-07",7.035673,
"CHL","UNEMP","TOT","PC_LF","M","2011-08",7.163904,
"CHL","UNEMP","TOT","PC_LF","M","2011-09",7.139813,
"CHL","UNEMP","TOT","PC_LF","M","2011-10",7.329312,
"CHL","UNEMP","TOT","PC_LF","M","2011-11",7.102502,
"CHL","UNEMP","TOT","PC_LF","M","2011-12",7.026273,
"CHL","UNEMP","TOT","PC_LF","M","2012-01",6.896159,
"CHL","UNEMP","TOT","PC_LF","M","2012-02",6.608519,
"CHL","UNEMP","TOT","PC_LF","M","2012-03",6.525609,
"CHL","UNEMP","TOT","PC_LF","M","2012-04",6.480409,
"CHL","UNEMP","TOT","PC_LF","M","2012-05",6.302086,
"CHL","UNEMP","TOT","PC_LF","M","2012-06",6.247199,
"CHL","UNEMP","TOT","PC_LF","M","2012-07",6.168427,
"CHL","UNEMP","TOT","PC_LF","M","2012-08",6.304234,
"CHL","UNEMP","TOT","PC_LF","M","2012-09",6.496393,
"CHL","UNEMP","TOT","PC_LF","M","2012-10",6.424901,
"CHL","UNEMP","TOT","PC_LF","M","2012-11",6.500352,
"CHL","UNEMP","TOT","PC_LF","M","2012-12",6.295573,
"CHL","UNEMP","TOT","PC_LF","M","2013-01",6.426337,
"CHL","UNEMP","TOT","PC_LF","M","2013-02",6.214819,
"CHL","UNEMP","TOT","PC_LF","M","2013-03",6.366595,
"CHL","UNEMP","TOT","PC_LF","M","2013-04",6.180023,
"CHL","UNEMP","TOT","PC_LF","M","2013-05",5.91163,
"CHL","UNEMP","TOT","PC_LF","M","2013-06",5.491499,
"CHL","UNEMP","TOT","PC_LF","M","2013-07",5.471889,
"CHL","UNEMP","TOT","PC_LF","M","2013-08",5.515738,
"CHL","UNEMP","TOT","PC_LF","M","2013-09",5.760577,
"CHL","UNEMP","TOT","PC_LF","M","2013-10",5.914816,
"CHL","UNEMP","TOT","PC_LF","M","2013-11",6.072544,
"CHL","UNEMP","TOT","PC_LF","M","2013-12",6.435735,
"CHL","UNEMP","TOT","PC_LF","M","2014-01",6.383972,
"CHL","UNEMP","TOT","PC_LF","M","2014-02",6.472787,
"CHL","UNEMP","TOT","PC_LF","M","2014-03",6.145779,
"CHL","UNEMP","TOT","PC_LF","M","2014-04",6.079518,
"CHL","UNEMP","TOT","PC_LF","M","2014-05",6.179551,
"CHL","UNEMP","TOT","PC_LF","M","2014-06",6.180199,
"CHL","UNEMP","TOT","PC_LF","M","2014-07",6.411575,
"CHL","UNEMP","TOT","PC_LF","M","2014-08",6.442097,
"CHL","UNEMP","TOT","PC_LF","M","2014-09",6.349303,
"CHL","UNEMP","TOT","PC_LF","M","2014-10",6.282874,
"CHL","UNEMP","TOT","PC_LF","M","2014-11",6.458405,
"CHL","UNEMP","TOT","PC_LF","M","2014-12",6.471255,
"CHL","UNEMP","TOT","PC_LF","M","2015-01",6.356154,
"CHL","UNEMP","TOT","PC_LF","M","2015-02",6.146448,
"CHL","UNEMP","TOT","PC_LF","M","2015-03",6.177348,
"CHL","UNEMP","TOT","PC_LF","M","2015-04",6.341343,
"CHL","UNEMP","TOT","PC_LF","M","2015-05",6.250707,
"CHL","UNEMP","TOT","PC_LF","M","2015-06",6.284209,
"CHL","UNEMP","TOT","PC_LF","M","2015-07",6.202953,
"CHL","UNEMP","TOT","PC_LF","M","2015-08",6.251524,
"CHL","UNEMP","TOT","PC_LF","M","2015-09",6.264179,
"CHL","UNEMP","TOT","PC_LF","M","2015-10",6.297832,
"CHL","UNEMP","TOT","PC_LF","M","2015-11",6.197152,
"CHL","UNEMP","TOT","PC_LF","M","2015-12",6.144526,
"CHL","UNEMP","TOT","PC_LF","M","2016-01",6.153944,
"CHL","UNEMP","TOT","PC_LF","M","2016-02",6.285944,
"CHL","UNEMP","TOT","PC_LF","M","2016-03",6.395553,
"CHL","UNEMP","TOT","PC_LF","M","2016-04",6.566263,
"CHL","UNEMP","TOT","PC_LF","M","2016-05",6.593443,
"CHL","UNEMP","TOT","PC_LF","M","2016-06",6.818513,
"CHL","UNEMP","TOT","PC_LF","M","2016-07",6.609748,
"CHL","UNEMP","TOT","PC_LF","M","2016-08",6.580175,
"CHL","UNEMP","TOT","PC_LF","M","2016-09",6.375401,
"CHL","UNEMP","TOT","PC_LF","M","2016-10",6.476957,
"CHL","UNEMP","TOT","PC_LF","M","2016-11",6.490777,
"CHL","UNEMP","TOT","PC_LF","M","2016-12",6.540365,
"CHL","UNEMP","TOT","PC_LF","M","2017-01",6.633399,
"CHL","UNEMP","TOT","PC_LF","M","2017-02",6.628903,
"CHL","UNEMP","TOT","PC_LF","M","2017-03",6.696934,
"CHL","UNEMP","TOT","PC_LF","M","2017-04",6.781156,
"CHL","UNEMP","TOT","PC_LF","M","2017-05",6.728221,
"CHL","UNEMP","TOT","PC_LF","M","2017-06",6.556462,
"CHL","UNEMP","TOT","PC_LF","M","2017-07",6.377899,
"CHL","UNEMP","TOT","PC_LF","M","2017-08",6.537035,
"CHL","UNEMP","TOT","PC_LF","M","2017-09",6.701882,
"CHL","UNEMP","TOT","PC_LF","M","2017-10",6.712245,
"CHL","UNEMP","TOT","PC_LF","M","2017-11",6.78704,
"CHL","UNEMP","TOT","PC_LF","M","2017-12",6.831229,
"CHL","UNEMP","TOT","PC_LF","M","2018-01",6.916759,
"CHL","UNEMP","TOT","PC_LF","M","2018-02",6.913089,
"CHL","UNEMP","TOT","PC_LF","M","2018-03",6.764154,
"CHL","UNEMP","TOT","PC_LF","M","2018-04",6.750468,
"CHL","UNEMP","TOT","PC_LF","M","2018-05",6.863238,
"CHL","UNEMP","TOT","PC_LF","M","2018-06",6.996074,
"CHL","UNEMP","TOT","PC_LF","M","2018-07",7.066889,
"CHL","UNEMP","TOT","PC_LF","M","2018-08",6.918801,
"CHL","UNEMP","TOT","PC_LF","M","2018-09",7.039027,
"CHL","UNEMP","TOT","PC_LF","M","2018-10",7.09554,
"CHL","UNEMP","TOT","PC_LF","M","2018-11",7.169614,
"CHL","UNEMP","TOT","PC_LF","M","2018-12",7.094311,
"CHL","UNEMP","TOT","PC_LF","M","2019-01",6.952747,
"CHL","UNEMP","TOT","PC_LF","M","2019-02",6.859424,
"CHL","UNEMP","TOT","PC_LF","M","2019-03",6.888806,
"CHL","UNEMP","TOT","PC_LF","M","2019-04",6.845047,
"CHL","UNEMP","TOT","PC_LF","M","2019-05",6.82278,
"CHL","UNEMP","TOT","PC_LF","M","2019-06",6.857004,
"CHL","UNEMP","TOT","PC_LF","M","2019-07",6.919065,
"CHL","UNEMP","TOT","PC_LF","M","2019-08",6.90093,
"CHL","UNEMP","TOT","PC_LF","M","2019-09",6.979478,
"CHL","UNEMP","TOT","PC_LF","M","2019-10",7.144459,
"CHL","UNEMP","TOT","PC_LF","M","2019-11",7.429758,
"ISR","UNEMP","TOT","PC_LF","M","2012-01",7.02412,
"ISR","UNEMP","TOT","PC_LF","M","2012-02",6.97531,
"ISR","UNEMP","TOT","PC_LF","M","2012-03",7.146072,
"ISR","UNEMP","TOT","PC_LF","M","2012-04",6.942508,
"ISR","UNEMP","TOT","PC_LF","M","2012-05",6.923204,
"ISR","UNEMP","TOT","PC_LF","M","2012-06",6.554672,
"ISR","UNEMP","TOT","PC_LF","M","2012-07",6.586694,
"ISR","UNEMP","TOT","PC_LF","M","2012-08",6.682331,
"ISR","UNEMP","TOT","PC_LF","M","2012-09",6.898899,
"ISR","UNEMP","TOT","PC_LF","M","2012-10",7.049548,
"ISR","UNEMP","TOT","PC_LF","M","2012-11",6.96904,
"ISR","UNEMP","TOT","PC_LF","M","2012-12",6.763095,
"ISR","UNEMP","TOT","PC_LF","M","2013-01",6.772118,
"ISR","UNEMP","TOT","PC_LF","M","2013-02",6.809039,
"ISR","UNEMP","TOT","PC_LF","M","2013-03",6.717784,
"ISR","UNEMP","TOT","PC_LF","M","2013-04",6.712838,
"ISR","UNEMP","TOT","PC_LF","M","2013-05",6.613213,
"ISR","UNEMP","TOT","PC_LF","M","2013-06",6.120858,
"ISR","UNEMP","TOT","PC_LF","M","2013-07",6.191938,
"ISR","UNEMP","TOT","PC_LF","M","2013-08",5.713924,
"ISR","UNEMP","TOT","PC_LF","M","2013-09",5.890533,
"ISR","UNEMP","TOT","PC_LF","M","2013-10",5.761359,
"ISR","UNEMP","TOT","PC_LF","M","2013-11",5.67448,
"ISR","UNEMP","TOT","PC_LF","M","2013-12",5.876151,
"ISR","UNEMP","TOT","PC_LF","M","2014-01",5.778409,
"ISR","UNEMP","TOT","PC_LF","M","2014-02",5.895897,
"ISR","UNEMP","TOT","PC_LF","M","2014-03",5.806992,
"ISR","UNEMP","TOT","PC_LF","M","2014-04",5.87604,
"ISR","UNEMP","TOT","PC_LF","M","2014-05",5.926508,
"ISR","UNEMP","TOT","PC_LF","M","2014-06",6.03098,
"ISR","UNEMP","TOT","PC_LF","M","2014-07",6.063688,
"ISR","UNEMP","TOT","PC_LF","M","2014-08",6.176353,
"ISR","UNEMP","TOT","PC_LF","M","2014-09",5.899581,
"ISR","UNEMP","TOT","PC_LF","M","2014-10",5.728276,
"ISR","UNEMP","TOT","PC_LF","M","2014-11",5.659547,
"ISR","UNEMP","TOT","PC_LF","M","2014-12",5.721881,
"ISR","UNEMP","TOT","PC_LF","M","2015-01",5.589604,
"ISR","UNEMP","TOT","PC_LF","M","2015-02",5.303421,
"ISR","UNEMP","TOT","PC_LF","M","2015-03",5.383448,
"ISR","UNEMP","TOT","PC_LF","M","2015-04",4.946242,
"ISR","UNEMP","TOT","PC_LF","M","2015-05",5.043119,
"ISR","UNEMP","TOT","PC_LF","M","2015-06",5.33897,
"ISR","UNEMP","TOT","PC_LF","M","2015-07",5.458616,
"ISR","UNEMP","TOT","PC_LF","M","2015-08",5.116457,
"ISR","UNEMP","TOT","PC_LF","M","2015-09",5.167814,
"ISR","UNEMP","TOT","PC_LF","M","2015-10",5.164908,
"ISR","UNEMP","TOT","PC_LF","M","2015-11",5.262515,
"ISR","UNEMP","TOT","PC_LF","M","2015-12",5.226039,
"ISR","UNEMP","TOT","PC_LF","M","2016-01",4.982343,
"ISR","UNEMP","TOT","PC_LF","M","2016-02",5.34816,
"ISR","UNEMP","TOT","PC_LF","M","2016-03",5.198517,
"ISR","UNEMP","TOT","PC_LF","M","2016-04",5.02514,
"ISR","UNEMP","TOT","PC_LF","M","2016-05",4.83219,
"ISR","UNEMP","TOT","PC_LF","M","2016-06",4.539022,
"ISR","UNEMP","TOT","PC_LF","M","2016-07",4.758982,
"ISR","UNEMP","TOT","PC_LF","M","2016-08",4.706126,
"ISR","UNEMP","TOT","PC_LF","M","2016-09",4.813709,
"ISR","UNEMP","TOT","PC_LF","M","2016-10",4.740214,
"ISR","UNEMP","TOT","PC_LF","M","2016-11",4.520914,
"ISR","UNEMP","TOT","PC_LF","M","2016-12",4.235737,
"ISR","UNEMP","TOT","PC_LF","M","2017-01",4.47323,
"ISR","UNEMP","TOT","PC_LF","M","2017-02",4.32465,
"ISR","UNEMP","TOT","PC_LF","M","2017-03",4.455259,
"ISR","UNEMP","TOT","PC_LF","M","2017-04",4.40512,
"ISR","UNEMP","TOT","PC_LF","M","2017-05",4.519954,
"ISR","UNEMP","TOT","PC_LF","M","2017-06",4.309114,
"ISR","UNEMP","TOT","PC_LF","M","2017-07",3.976949,
"ISR","UNEMP","TOT","PC_LF","M","2017-08",4.125946,
"ISR","UNEMP","TOT","PC_LF","M","2017-09",3.996275,
"ISR","UNEMP","TOT","PC_LF","M","2017-10",4.024223,
"ISR","UNEMP","TOT","PC_LF","M","2017-11",4.102804,
"ISR","UNEMP","TOT","PC_LF","M","2017-12",3.956404,
"ISR","UNEMP","TOT","PC_LF","M","2018-01",3.611263,
"ISR","UNEMP","TOT","PC_LF","M","2018-02",3.854712,
"ISR","UNEMP","TOT","PC_LF","M","2018-03",3.685987,
"ISR","UNEMP","TOT","PC_LF","M","2018-04",3.97326,
"ISR","UNEMP","TOT","PC_LF","M","2018-05",3.986714,
"ISR","UNEMP","TOT","PC_LF","M","2018-06",3.999431,
"ISR","UNEMP","TOT","PC_LF","M","2018-07",4.218518,
"ISR","UNEMP","TOT","PC_LF","M","2018-08",4.023643,
"ISR","UNEMP","TOT","PC_LF","M","2018-09",4.167737,
"ISR","UNEMP","TOT","PC_LF","M","2018-10",4.15114,
"ISR","UNEMP","TOT","PC_LF","M","2018-11",4.063678,
"ISR","UNEMP","TOT","PC_LF","M","2018-12",4.13499,
"ISR","UNEMP","TOT","PC_LF","M","2019-01",4.128506,
"ISR","UNEMP","TOT","PC_LF","M","2019-02",4.04487,
"ISR","UNEMP","TOT","PC_LF","M","2019-03",3.80323,
"ISR","UNEMP","TOT","PC_LF","M","2019-04",3.859375,
"ISR","UNEMP","TOT","PC_LF","M","2019-05",3.73119,
"ISR","UNEMP","TOT","PC_LF","M","2019-06",4.051616,
"ISR","UNEMP","TOT","PC_LF","M","2019-07",3.704921,
"ISR","UNEMP","TOT","PC_LF","M","2019-08",3.715467,
"ISR","UNEMP","TOT","PC_LF","M","2019-09",3.579042,
"ISR","UNEMP","TOT","PC_LF","M","2019-10",3.577257,
"ISR","UNEMP","TOT","PC_LF","M","2019-11",3.949364,
"ISR","UNEMP","TOT","PC_LF","M","2019-12",3.551643,
"ISR","UNEMP","TOT","PC_LF","M","2020-01",3.58457,
"ISR","UNEMP","TOT","PC_LF","M","2020-02",3.35377,
"COL","UNEMP","TOT","PC_LF","M","2007-01",11.46405,
"COL","UNEMP","TOT","PC_LF","M","2007-02",11.63421,
"COL","UNEMP","TOT","PC_LF","M","2007-03",11.68554,
"COL","UNEMP","TOT","PC_LF","M","2007-04",10.94021,
"COL","UNEMP","TOT","PC_LF","M","2007-05",11.59808,
"COL","UNEMP","TOT","PC_LF","M","2007-06",11.42886,
"COL","UNEMP","TOT","PC_LF","M","2007-07",10.72598,
"COL","UNEMP","TOT","PC_LF","M","2007-08",11.07108,
"COL","UNEMP","TOT","PC_LF","M","2007-09",11.31256,
"COL","UNEMP","TOT","PC_LF","M","2007-10",11.30351,
"COL","UNEMP","TOT","PC_LF","M","2007-11",10.67002,
"COL","UNEMP","TOT","PC_LF","M","2007-12",10.64253,
"COL","UNEMP","TOT","PC_LF","M","2008-01",10.74035,
"COL","UNEMP","TOT","PC_LF","M","2008-02",10.82606,
"COL","UNEMP","TOT","PC_LF","M","2008-03",11.09336,
"COL","UNEMP","TOT","PC_LF","M","2008-04",11.14862,
"COL","UNEMP","TOT","PC_LF","M","2008-05",10.80926,
"COL","UNEMP","TOT","PC_LF","M","2008-06",11.43742,
"COL","UNEMP","TOT","PC_LF","M","2008-07",11.57533,
"COL","UNEMP","TOT","PC_LF","M","2008-08",11.52665,
"COL","UNEMP","TOT","PC_LF","M","2008-09",11.43377,
"COL","UNEMP","TOT","PC_LF","M","2008-10",11.27911,
"COL","UNEMP","TOT","PC_LF","M","2008-11",12.12532,
"COL","UNEMP","TOT","PC_LF","M","2008-12",11.29785,
"COL","UNEMP","TOT","PC_LF","M","2009-01",11.65639,
"COL","UNEMP","TOT","PC_LF","M","2009-02",11.29249,
"COL","UNEMP","TOT","PC_LF","M","2009-03",11.82908,
"COL","UNEMP","TOT","PC_LF","M","2009-04",12.11593,
"COL","UNEMP","TOT","PC_LF","M","2009-05",11.68596,
"COL","UNEMP","TOT","PC_LF","M","2009-06",11.65665,
"COL","UNEMP","TOT","PC_LF","M","2009-07",12.14433,
"COL","UNEMP","TOT","PC_LF","M","2009-08",12.07825,
"COL","UNEMP","TOT","PC_LF","M","2009-09",12.70304,
"COL","UNEMP","TOT","PC_LF","M","2009-10",12.95673,
"COL","UNEMP","TOT","PC_LF","M","2009-11",12.53138,
"COL","UNEMP","TOT","PC_LF","M","2009-12",12.06857,
"COL","UNEMP","TOT","PC_LF","M","2010-01",12.12122,
"COL","UNEMP","TOT","PC_LF","M","2010-02",11.43519,
"COL","UNEMP","TOT","PC_LF","M","2010-03",11.69549,
"COL","UNEMP","TOT","PC_LF","M","2010-04",12.22529,
"COL","UNEMP","TOT","PC_LF","M","2010-05",12.11228,
"COL","UNEMP","TOT","PC_LF","M","2010-06",12.0211,
"COL","UNEMP","TOT","PC_LF","M","2010-07",12.24664,
"COL","UNEMP","TOT","PC_LF","M","2010-08",11.57238,
"COL","UNEMP","TOT","PC_LF","M","2010-09",11.14757,
"COL","UNEMP","TOT","PC_LF","M","2010-10",11.4304,
"COL","UNEMP","TOT","PC_LF","M","2010-11",12.12646,
"COL","UNEMP","TOT","PC_LF","M","2010-12",11.84077,
"COL","UNEMP","TOT","PC_LF","M","2011-01",11.21339,
"COL","UNEMP","TOT","PC_LF","M","2011-02",11.56131,
"COL","UNEMP","TOT","PC_LF","M","2011-03",10.75309,
"COL","UNEMP","TOT","PC_LF","M","2011-04",11.13166,
"COL","UNEMP","TOT","PC_LF","M","2011-05",11.27321,
"COL","UNEMP","TOT","PC_LF","M","2011-06",11.29692,
"COL","UNEMP","TOT","PC_LF","M","2011-07",11.16548,
"COL","UNEMP","TOT","PC_LF","M","2011-08",10.44868,
"COL","UNEMP","TOT","PC_LF","M","2011-09",10.27388,
"COL","UNEMP","TOT","PC_LF","M","2011-10",10.26403,
"COL","UNEMP","TOT","PC_LF","M","2011-11",10.56573,
"COL","UNEMP","TOT","PC_LF","M","2011-12",10.61039,
"COL","UNEMP","TOT","PC_LF","M","2012-01",10.31629,
"COL","UNEMP","TOT","PC_LF","M","2012-02",10.6699,
"COL","UNEMP","TOT","PC_LF","M","2012-03",10.17473,
"COL","UNEMP","TOT","PC_LF","M","2012-04",10.80928,
"COL","UNEMP","TOT","PC_LF","M","2012-05",10.81613,
"COL","UNEMP","TOT","PC_LF","M","2012-06",10.4232,
"COL","UNEMP","TOT","PC_LF","M","2012-07",10.4741,
"COL","UNEMP","TOT","PC_LF","M","2012-08",10.09801,
"COL","UNEMP","TOT","PC_LF","M","2012-09",10.45823,
"COL","UNEMP","TOT","PC_LF","M","2012-10",10.10007,
"COL","UNEMP","TOT","PC_LF","M","2012-11",10.52512,
"COL","UNEMP","TOT","PC_LF","M","2012-12",10.30394,
"COL","UNEMP","TOT","PC_LF","M","2013-01",10.0015,
"COL","UNEMP","TOT","PC_LF","M","2013-02",10.57397,
"COL","UNEMP","TOT","PC_LF","M","2013-03",10.03484,
"COL","UNEMP","TOT","PC_LF","M","2013-04",10.15323,
"COL","UNEMP","TOT","PC_LF","M","2013-05",9.527529,
"COL","UNEMP","TOT","PC_LF","M","2013-06",9.677406,
"COL","UNEMP","TOT","PC_LF","M","2013-07",9.613003,
"COL","UNEMP","TOT","PC_LF","M","2013-08",9.613123,
"COL","UNEMP","TOT","PC_LF","M","2013-09",9.476885,
"COL","UNEMP","TOT","PC_LF","M","2013-10",8.910813,
"COL","UNEMP","TOT","PC_LF","M","2013-11",9.699432,
"COL","UNEMP","TOT","PC_LF","M","2013-12",9.090602,
"COL","UNEMP","TOT","PC_LF","M","2014-01",9.173864,
"COL","UNEMP","TOT","PC_LF","M","2014-02",9.51404,
"COL","UNEMP","TOT","PC_LF","M","2014-03",9.504525,
"COL","UNEMP","TOT","PC_LF","M","2014-04",8.899204,
"COL","UNEMP","TOT","PC_LF","M","2014-05",8.902064,
"COL","UNEMP","TOT","PC_LF","M","2014-06",9.600203,
"COL","UNEMP","TOT","PC_LF","M","2014-07",9.017272,
"COL","UNEMP","TOT","PC_LF","M","2014-08",9.254065,
"COL","UNEMP","TOT","PC_LF","M","2014-09",8.798077,
"COL","UNEMP","TOT","PC_LF","M","2014-10",8.904888,
"COL","UNEMP","TOT","PC_LF","M","2014-11",8.873719,
"COL","UNEMP","TOT","PC_LF","M","2014-12",9.397735,
"COL","UNEMP","TOT","PC_LF","M","2015-01",8.811709,
"COL","UNEMP","TOT","PC_LF","M","2015-02",8.746999,
"COL","UNEMP","TOT","PC_LF","M","2015-03",8.633811,
"COL","UNEMP","TOT","PC_LF","M","2015-04",9.455919,
"COL","UNEMP","TOT","PC_LF","M","2015-05",8.982582,
"COL","UNEMP","TOT","PC_LF","M","2015-06",8.671451,
"COL","UNEMP","TOT","PC_LF","M","2015-07",8.554723,
"COL","UNEMP","TOT","PC_LF","M","2015-08",9.366299,
"COL","UNEMP","TOT","PC_LF","M","2015-09",9.378977,
"COL","UNEMP","TOT","PC_LF","M","2015-10",9.177547,
"COL","UNEMP","TOT","PC_LF","M","2015-11",8.413029,
"COL","UNEMP","TOT","PC_LF","M","2015-12",9.224361,
"COL","UNEMP","TOT","PC_LF","M","2016-01",9.754348,
"COL","UNEMP","TOT","PC_LF","M","2016-02",8.899506,
"COL","UNEMP","TOT","PC_LF","M","2016-03",9.868981,
"COL","UNEMP","TOT","PC_LF","M","2016-04",9.026724,
"COL","UNEMP","TOT","PC_LF","M","2016-05",8.915191,
"COL","UNEMP","TOT","PC_LF","M","2016-06",9.367583,
"COL","UNEMP","TOT","PC_LF","M","2016-07",9.599631,
"COL","UNEMP","TOT","PC_LF","M","2016-08",9.310875,
"COL","UNEMP","TOT","PC_LF","M","2016-09",8.924681,
"COL","UNEMP","TOT","PC_LF","M","2016-10",9.338442,
"COL","UNEMP","TOT","PC_LF","M","2016-11",8.737568,
"COL","UNEMP","TOT","PC_LF","M","2016-12",9.444551,
"COL","UNEMP","TOT","PC_LF","M","2017-01",9.542232,
"COL","UNEMP","TOT","PC_LF","M","2017-02",9.313004,
"COL","UNEMP","TOT","PC_LF","M","2017-03",9.465652,
"COL","UNEMP","TOT","PC_LF","M","2017-04",8.972025,
"COL","UNEMP","TOT","PC_LF","M","2017-05",9.510469,
"COL","UNEMP","TOT","PC_LF","M","2017-06",9.237629,
"COL","UNEMP","TOT","PC_LF","M","2017-07",9.418546,
"COL","UNEMP","TOT","PC_LF","M","2017-08",9.339428,
"COL","UNEMP","TOT","PC_LF","M","2017-09",9.699531,
"COL","UNEMP","TOT","PC_LF","M","2017-10",9.570904,
"COL","UNEMP","TOT","PC_LF","M","2017-11",9.669055,
"COL","UNEMP","TOT","PC_LF","M","2017-12",9.285273,
"COL","UNEMP","TOT","PC_LF","M","2018-01",9.582708,
"COL","UNEMP","TOT","PC_LF","M","2018-02",9.570777,
"COL","UNEMP","TOT","PC_LF","M","2018-03",9.186499,
"COL","UNEMP","TOT","PC_LF","M","2018-04",9.482318,
"COL","UNEMP","TOT","PC_LF","M","2018-05",9.756197,
"COL","UNEMP","TOT","PC_LF","M","2018-06",9.617983,
"COL","UNEMP","TOT","PC_LF","M","2018-07",9.436195,
"COL","UNEMP","TOT","PC_LF","M","2018-08",9.407087,
"COL","UNEMP","TOT","PC_LF","M","2018-09",9.911795,
"COL","UNEMP","TOT","PC_LF","M","2018-10",10.08387,
"COL","UNEMP","TOT","PC_LF","M","2018-11",10.05315,
"COL","UNEMP","TOT","PC_LF","M","2018-12",10.4988,
"COL","UNEMP","TOT","PC_LF","M","2019-01",10.41741,
"COL","UNEMP","TOT","PC_LF","M","2019-02",10.42298,
"COL","UNEMP","TOT","PC_LF","M","2019-03",10.56239,
"COL","UNEMP","TOT","PC_LF","M","2019-04",10.35842,
"COL","UNEMP","TOT","PC_LF","M","2019-05",10.58452,
"COL","UNEMP","TOT","PC_LF","M","2019-06",10.0145,
"COL","UNEMP","TOT","PC_LF","M","2019-07",10.43978,
"COL","UNEMP","TOT","PC_LF","M","2019-08",11.1031,
"COL","UNEMP","TOT","PC_LF","M","2019-09",10.69007,
"COL","UNEMP","TOT","PC_LF","M","2019-10",10.94754,
"COL","UNEMP","TOT","PC_LF","M","2019-11",10.66715,
"COL","UNEMP","TOT","PC_LF","M","2019-12",10.28904,
"COL","UNEMP","TOT","PC_LF","M","2020-01",10.57995,
"COL","UNEMP","TOT","PC_LF","M","2020-02",10.80358,
